{
    "slug": "marqby",
    "title": "Marqby",
    "title_highlighted": "",
    "category": "ar-ge-ve-fikri-mulkiyet",
    "layout_density": "compact",
    "breadcrumb": [
        {
            "name": "Anasayfa",
            "link": "/"
        },
        {
            "name": "Dijital Ürünler",
            "link": "/dijital-urunler"
        },
        {
            "name": "Ar-Ge ve Fikri Mülkiyet",
            "link": "/dijital-urunler/ar-ge-ve-fikri-mulkiyet"
        },
        {
            "name": "Marqby"
        }
    ],
    "hero_image": "/assets/images/services/services-hero-business.webp",
    "content_json": {
        "hero": {
            "title": "Marqby",
            "description": "Dijital Dönüşüm Yolculuğunuzda Yanınızdayız.",
            "image": "/assets/images/services/services-hero-business.webp"
        },
        "sections": [
            {
                "type": "intro_text",
                "content": "<div class=\"mb-8 p-6 bg-white rounded-2xl border border-gray-100 shadow-sm inline-block\"><img src=\"/assets/images/dijital-urunler/wecover.webp\" alt=\"Marqby Logo\" class=\"h-16 w-auto object-contain\" /></div><p><strong>Çalışmalarımız devam ediyor.</strong></p><p>Bu ürünümüzle ilgili detaylı bilgiler çok yakında burada olacak. Sistem Global olarak dijital çözümlerimizi geliştirmeye ve size en iyi kullanıcı deneyimini sunmaya devam ediyoruz.</p>"
            },
            {
                "type": "cta_simple",
                "title": "Detaylı Bilgi Almak İster Misiniz?",
                "description": "Ürünümüz hakkında ön bilgi almak veya çözüm ortaklığı süreçlerimizi öğrenmek için bizimle iletişime geçebilirsiniz.",
                "button_text": "Bize Ulaşın"
            }
        ]
    }
}