{
  "slug": "uluslararasi-fon-programlari",
  "title": "Uluslararası Fon",
  "title_highlighted": "Programları",
  "category": "Ar-Ge Yönetimi",
  "youtube_id": "",
  "breadcrumb": [
    {
      "name": "Anasayfa",
      "link": "/"
    },
    {
      "name": "Servisler",
      "link": "/servisler"
    },
    {
      "name": "Ar-Ge ve Fikri Mülkiyet",
      "link": "/services/ar-ge-ve-fikri-mulkiyet"
    },
    {
      "name": "Ar-Ge Yönetimi",
      "link": "/services/ar-ge-ve-fikri-mulkiyet/ar-ge-yonetimi"
    },
    {
      "name": "Uluslararası Fon Programları",
      "link": "/services/ar-ge-ve-fikri-mulkiyet/ar-ge-yonetimi/uluslararasi-fon-programlari"
    }
  ],
  "hero": {
    "title": "Uluslararası Fon Programları Danışmanlığı",
    "description": "Horizon Europe, EUREKA, EUROSTARS ve daha fazlası... Küresel inovasyon ağlarına katılın, yüksek bütçeli hibe desteklerinden yararlanın.",
    "image": "/assets/images/uluslararasi-fon/hero.webp",
    "buttons": [
      {
        "text": "Ücretsiz Ön Analiz",
        "link": "#contact",
        "variant": "primary"
      },
      {
        "text": "Başarılarımızı İnceleyin",
        "link": "#success",
        "variant": "outline"
      }
    ]
  },
  "sections": [
    {
      "type": "content_with_image",
      "title": "Uluslararası Fon Programları Nedir?",
      "content": "\n                <p>Uluslararası Fon Programları; firmaların, üniversitelerin, STK’ların ve kamu kurumlarının Ar-Ge yeteneklerini ve proje kapasitelerini geliştirmek, teknoloji seviyelerini artırmak amacıyla kurgulanmış küresel hibe mekanizmalarıdır.</p>\n                <p>Bu fonların en tanınmış olanları <strong>Ufuk Avrupa (Horizon Europe)</strong>, <strong>EUREKA</strong>, <strong>EUROSTARS</strong> ve <strong>ERA-NET</strong> gibi doğrudan veya ulusal ajanlar üzerinden yürüyen prestijli programlardır. Amacımız, bu karmaşık süreçlerde size rehberlik ederek en yüksek verimi almanızı sağlamaktır.</p>\n            ",
      "image": "/assets/images/uluslararasi-fon/intro.webp",
      "image_position": "right"
    },
    {
      "type": "icon_grid",
      "title": "Kimler Başvurabilir?",
      "items": [
        {
          "title": "Firmalar",
          "desc": "Başta KOBİ'ler ve Büyük Ölçekli şirketler olmak üzere her boyuttan ticari işletme.",
          "icon": "Building"
        },
        {
          "title": "Ar-Ge Merkezleri",
          "desc": "Teknoloji geliştirme kapasitesini global düzeye taşımak isteyen kurumsal merkezler.",
          "icon": "Cpu"
        },
        {
          "title": "Akademi ve Diğer",
          "desc": "Üniversiteler, STK’lar ve Kamu Kurumları gibi teknoloji ekosisteminin tüm paydaşları.",
          "icon": "GraduationCap"
        }
      ]
    },
    {
      "type": "service_cards",
      "title": "Öne Çıkan Fon Programları",
      "cards": [
        {
          "title": "Ufuk Avrupa (Horizon Europe)",
          "desc": "Dünyanın en büyük sivil Ar-Ge ve inovasyon programı. Yüksek bütçeli ve çok ortaklı projeler.",
          "icon": "Globe",
          "color": "blue"
        },
        {
          "title": "EUREKA & EUROSTARS",
          "desc": "Pazar odaklı, sınır ötesi iş birliği projeleri. KOBİ'ler için hızlı ticarileşme desteği.",
          "icon": "Zap",
          "color": "green"
        },
        {
          "title": "ERA-NET",
          "desc": "Ulusal fonların Avrupa düzeyinde koordine edildiği disiplinlerarası çağrılar.",
          "icon": "Share2",
          "color": "purple"
        },
        {
          "title": "Uluslararası İkili İş Birlikleri",
          "desc": "Ülkeler arası teknoloji transferi ve ortak ürün geliştirme odaklı spesifik fonlar.",
          "icon": "Users",
          "color": "orange"
        }
      ]
    },
    {
      "type": "benefits_grid",
      "title": "Neden Uluslararası Fonlar?",
      "benefits": [
        {
          "title": "Uluslararası İş Kültürü",
          "desc": "Global düzeyde iş yapma ve birlikte çalışma yetkinliği kazanımı.",
          "icon": "Users"
        },
        {
          "title": "Ön Finansman Avantajı",
          "desc": "Çoğu programda hibenin büyük kısmının proje başında aktarılmasıyla likidite desteği.",
          "icon": "DollarSign"
        },
        {
          "title": "Rekabet Gücü",
          "desc": "En son teknolojilere erişim ve küresel pazarda görünürlük sağlama.",
          "icon": "TrendingUp"
        },
        {
          "title": "Prestij ve Network",
          "desc": "Avrupa’nın ve dünyanın en iyi teknoloji şirketleriyle ortaklık kurma imkanı.",
          "icon": "Award"
        }
      ]
    },
    {
      "type": "process_grid",
      "title": "Yol Haritamız (Hizmetlerimiz)",
      "steps": [
        {
          "number": "01",
          "title": "Çağrı İnceleme",
          "desc": "Yayımlanan Çalışma Programlarının detaylı analizi ve uygun çağrı başlıklarının tespiti."
        },
        {
          "number": "02",
          "title": "Network ve Eşleştirme",
          "desc": "Konsorsiyumlarda koordinatör veya ortak olarak yer alabilmek için gerekli bağlantıların kurulması."
        },
        {
          "number": "03",
          "title": "Proje Yazım ve Başvuru",
          "desc": "Proje fikrinin çağrıya göre geliştirilmesi, teknik yazım ve online başvuru yönetimi."
        },
        {
          "number": "04",
          "title": "Proje Yürütüm",
          "desc": "Fonlanmaya hak kazanan projeler için profesyonel yönetim ve hibe takibi desteği."
        }
      ]
    },
    {
      "id": "success",
      "type": "stats_grid",
      "title": "Başarı Tablomuz",
      "stats": [
        {
          "label": "2018-2021 Başvuru",
          "value": "64",
          "suffix": "+"
        },
        {
          "label": "Kazanılan Fon",
          "value": "6.5",
          "suffix": "M€"
        },
        {
          "label": "2022 Başvuru",
          "value": "28",
          "suffix": ""
        },
        {
          "label": "2023 Başvuru",
          "value": "20",
          "suffix": "+"
        }
      ]
    },
    {
      "type": "cta_box",
      "title": "Şirketinizi Küresel İnovasyon Sahnesine Taşıyalım",
      "description": "Uluslararası fon fırsatlarını kaçırmayın. Uzman kadromuzla projelerinizi dünyaya açalım.",
      "button_text": "Ücretsiz Ön Analiz İsteyin",
      "secondary_button": "Referanslarımız"
    }
  ]
}