{
  "slug": "due-diligence",
  "title": "Due",
  "title_highlighted": "Diligence",
  "category": "Mali Danışmanlık",
  "youtube_id": "",
  "breadcrumb": [
    {
      "name": "Anasayfa",
      "link": "/"
    },
    {
      "name": "Servisler",
      "link": "/servisler"
    },
    {
      "name": "Finansal Yönetim",
      "link": "/servisler/finansal-yonetim"
    },
    {
      "name": "Due Diligence",
      "link": "/servisler/finansal-yonetim/due-diligence"
    }
  ],
  "hero": {
    "title": "Due Diligence (Durum Tespit) Hizmetleri",
    "description": "Şirket satın alma, yatırım ve birleşme süreçlerinizde riskleri minimize edin, kararlarınızı güvenilir verilerle destekleyin.",
    "image": "/images/servisler/due-diligence-hero.webp",
    "buttons": [
      {
        "text": "Uzmanımızla Görüşün",
        "link": "#contact",
        "variant": "primary"
      },
      {
        "text": "Hizmet Çeşitleri",
        "link": "#services",
        "variant": "outline"
      }
    ]
  },
  "sections": [
    {
      "type": "content_with_image",
      "title": "Due Diligence Nedir ve Neden Önemlidir?",
      "content": "\n                <p>Bir şirketin satın alınması ya da yatırım alması süreçlerinde; şirketin detaylı araştırmasının yapılması, mali ve hukuki verilerin incelenmesi süreçlerine <strong>Due Diligence (Durum Tespit Süreci)</strong> denir. Bu işlem sonucunda incelemeye konu şirketin tüm hatlarıyla stratejik bir özeti çıkarılır.</p>\n                <p>Due Diligence sürecinde, geriye dönük veriler ışığında şirketin riskleri ve zayıflıkları belirlenir. Yatırım aşamasında pazarlık unsuru oluşturacak verilerin tespiti ve satın alma aşamasında adil fiyat belirleme için sarsılmaz bir altyapı oluşturur.</p>\n            ",
      "image": "/images/servisler/due-diligence-intro.webp",
      "image_position": "right"
    },
    {
      "type": "icon_grid",
      "title": "Neden Yapılır?",
      "items": [
        {
          "title": "Risk Tespiti",
          "desc": "Şirketin geçmişten gelen mali, hukuki ve vergisel risklerini önceden belirleyerek sürprizleri önler.",
          "icon": "ShieldAlert"
        },
        {
          "title": "Fiyat Belirleme",
          "desc": "Satın alma veya yatırım aşamasında şirketin gerçek değerini ortaya koyarak pazarlık gücü sağlar.",
          "icon": "Scale"
        },
        {
          "title": "Stratejik Karar",
          "desc": "Yatırımın uygunluğunu ve gelecekteki büyüme potansiyelini teknik verilerle analiz eder.",
          "icon": "TrendingUp"
        }
      ]
    },
    {
      "type": "service_cards",
      "title": "Uzmanlık Alanlarımız",
      "cards": [
        {
          "title": "Finansal Due Diligence",
          "desc": "İşletme aktif-borç detayları, nakit akışı gücü ve pay sahipliği yapısının derinlemesine analizi.",
          "icon": "PieChart",
          "color": "blue"
        },
        {
          "title": "Vergisel Due Diligence",
          "desc": "Geçmiş dönem vergi ve SGK yükümlülüklerinin incelenerek potansiyel mali risklerin yönetilmesi.",
          "icon": "FileText",
          "color": "green"
        },
        {
          "title": "Hukuki Due Diligence",
          "desc": "Sözleşmeler, yönetim kurulu kararları ve çalışan belgeleri başta olmak üzere tüm hukuki yapının teyidi.",
          "icon": "Gavel",
          "color": "orange"
        },
        {
          "title": "Patent Due Diligence",
          "desc": "Fikri mülkiyet portföyünün analizi, patent kalitesi ve ticarileştirme potansiyelinin değerlendirilmesi.",
          "icon": "Lightbulb",
          "color": "purple"
        }
      ]
    },
    {
      "type": "benefits_grid",
      "title": "Ne Kazandırır?",
      "benefits": [
        {
          "title": "Şeffaf Bilgi Akışı",
          "desc": "Hedef şirketin tüm operasyonel ve mali süreçlerinde tam şeffaflık elde edersiniz.",
          "icon": "Eye"
        },
        {
          "title": "Güvenli Yatırım",
          "desc": "Yönetilebilir risklerle yatırım yaparak sermayenizi güvence altına alırsınız.",
          "icon": "Lock"
        },
        {
          "title": "Pazarlık Gücü",
          "desc": "Tespit edilen zayıf noktalar üzerinden daha avantajlı satın alma koşulları oluşturursunuz.",
          "icon": "Handshake"
        },
        {
          "title": "25+ Yıllık Deneyim",
          "desc": "Sistem Global'in bütüncül bakış açısı ve geniş uzman kadrosuyla profesyonel raporlama.",
          "icon": "Award"
        }
      ]
    },
    {
      "type": "cta_box",
      "title": "Yatırımlarınızı Güvence Altına Alın",
      "description": "Karmaşık Due Diligence süreçlerini uzman kadromuzla yönetelim, size sadece stratejik kararları vermek kalsın.",
      "button_text": "Hemen İletişime Geçin",
      "secondary_button": "Referanslarımız"
    }
  ]
}