{
    "slug": "quandatum",
    "title": "Quandatum",
    "title_highlighted": "",
    "category": "globallesme-ve-ihracat",
    "layout_density": "compact",
    "breadcrumb": [
        {
            "name": "Anasayfa",
            "link": "/"
        },
        {
            "name": "Dijital Ürünler",
            "link": "/dijital-urunler"
        },
        {
            "name": "Globalleşme ve İhracat",
            "link": "/dijital-urunler/globallesme-ve-ihracat"
        },
        {
            "name": "Quandatum"
        }
    ],
    "hero_image": "/images/servisler/services-hero-business.webp",
    "content_json": {
        "hero": {
            "title": "Quandatum",
            "description": "Dijital Dönüşüm Yolculuğunuzda Yanınızdayız.",
            "image": "/images/servisler/services-hero-business.webp"
        },
        "sections": [
            {
                "type": "intro_text",
                "content": "<p><strong>Çalışmalarımız devam ediyor.</strong></p><p>Bu ürünümüzle ilgili detaylı bilgiler çok yakında burada olacak. Sistem Global olarak dijital çözümlerimizi geliştirmeye ve size en iyi kullanıcı deneyimini sunmaya devam ediyoruz.</p>"
            },
            {
                "type": "cta_simple",
                "title": "Detaylı Bilgi Almak İster Misiniz?",
                "description": "Ürünümüz hakkında ön bilgi almak veya çözüm ortaklığı süreçlerimizi öğrenmek için bizimle iletişime geçebilirsiniz.",
                "button_text": "Bize Ulaşın"
            }
        ]
    }
}