{
  "slug": "kdv-iade-hizmetleri",
  "category_slug": "vergi-finans",
  "category_name": "Vergi",
  "title": "KDV İade",
  "title_highlighted": "Hizmetleri",
  "hero_image": "/assets/images/kdv-iade/hero-tax.webp",
  "youtube_id": "",
  "breadcrumb": [
    {
      "name": "Anasayfa",
      "link": "/"
    },
    {
      "name": "Servisler",
      "link": "/servisler"
    },
    {
      "name": "Vergi & Finans",
      "link": "/services/vergi-finans"
    },
    {
      "name": "Vergi",
      "link": "/services/vergi-finans/vergi"
    },
    {
      "name": "KDV İade Hizmetleri",
      "link": "/services/vergi-finans/vergi/kdv-iade-hizmetleri"
    }
  ],
  "content_json": {
    "sections": [
      {
        "type": "intro_text",
        "content": "\n        <p class=\"lead\">Türkiye’de yapılan mal ve hizmet teslimleri katma değer vergisine tabiidir. Ancak birtakım faaliyetlerin KDV'ye tabi olmadığından veya genel orandan daha düşük oranda KDV’ye tabi olmasından dolayı bu faaliyetlerde ticaret yapanların Türkiye’de ödediği KDV’yi Yeminli Mali Müşavir tarafından düzenlenen YMM raporu ile iade edilmesi mümkündür. Bu kapsamda şirketimiz tarafından sunulan hizmetlerimizin bütünü KDV İade Hizmetleri çerçevesinde gerçekleşmektedir.</p>\n        <div class=\"mt-4\"><p>Kısa ve öz anlatmak gerekirse katma değer vergisi devlete ödenen KDV vergisinin bir kısmını geri almaya yarayan bir süreçten ibarettir. Bu süreç de,  işletmeler ihracatlarda KDV iadesi, tevkifatlı işlemleri ve indirimli oranlara tabi teslimler gibi işlemlerde devlet adına tüketiciden KDV vergisini alırken KDV iadesi ile bunun bir kısmını devletten geri alabilirler. Bu duruma KDV iadesi denir. ve bu işlemler yılın son aylarına doğru yapılır.</p><p>Detaylı bilgi almak için formu doldurun size ulaşalım</p><li>Turkey+90</li></div>\n    "
      },
      {
        "type": "trust_badges"
      },
      {
        "type": "stats_section"
      },
      {
        "type": "process_grid",
        "title": "KDV İade Süreçleri",
        "description": "KDV iade sürecinin temel aşamaları ve yönetim adımları",
        "steps": [
          {
            "number": "01",
            "title": "Başvuru ve Hazırlık",
            "desc": "KDV iade listeleri, iade talep dilekçesi ve diğer gerekli belgelerin eksiksiz hazırlanıp sisteme yüklenmesi."
          },
          {
            "number": "02",
            "title": "Sistematik Kontrol",
            "desc": "Belgelerin doğruluğunun ve mevzuata uygunluğunun uzman ekiplerce detaylı kontrol edilmesi."
          },
          {
            "number": "03",
            "title": "İnceleme ve Rapor",
            "desc": "Gerekli durumlarda vergi incelemesi yapılması ve YMM raporunun düzenlenerek sürece dahil edilmesi."
          },
          {
            "number": "04",
            "title": "Ödeme ve Mahsup",
            "desc": "Sürecin sonunda iade talebinin nakden ödeme veya borçlara mahsup yoluyla sonuçlandırılması."
          }
        ]
      },
      {
        "type": "info_list",
        "title": "KDV İade Türleri",
        "items": [
          {
            "title": "İndirimli Oran",
            "desc": "Gıda, eğitim, sağlık gibi %1 veya %10 KDV oranına tabi sektörlerdeki iade işlemleri."
          },
          {
            "title": "Tevkifatlı İade",
            "desc": "Kısmi tevkifat uygulanan işlemlerde satıcının tahsil edemediği KDV'nin iadesi."
          },
          {
            "title": "İhracat İstisnası",
            "desc": "Mal ve hizmet ihracatından doğan KDV iadelerinin nakden veya mahsuben alınması."
          },
          {
            "title": "Yatırım Teşvik",
            "desc": "Yatırım Teşvik Belgesi kapsamında alınan makine ve teçhizatlar için KDV iadesi."
          },
          {
            "title": "Tevkifatlı Fatura",
            "desc": "Aynı ay içinde yapılan tevkifatlı işlemlerin iade ve mahsup süreçleri."
          },
          {
            "title": "Özel Durumlar",
            "desc": "Gerçekleşmeyen işlemler, alınan malların iadesi ve diğer özel KDV iade durumları."
          }
        ]
      },
      {
        "type": "services_list",
        "title": "Kimler KDV İadesi Alabilir?",
        "services": [
          {
            "title": "İhracatçılar",
            "desc": "Mal ve hizmet ihracatı yapan firmalar, yüklendikleri KDV'yi iade alabilirler."
          },
          {
            "title": "İmalatçılar",
            "desc": "İndirimli orana tabi işlemler yapan üretim işletmeleri iade hakkına sahiptir."
          },
          {
            "title": "Kamu Tedarikçileri",
            "desc": "Kamu kurumlarına iş yapan ve tevkifata tabi firmalar iade talep edebilir."
          },
          {
            "title": "Yatırımcılar",
            "desc": "Teşvik belgeli yatırım yapan işletmeler, makine teçhizatta KDV iadesi alabilir."
          },
          {
            "title": "Uluslararası Taşımacılık",
            "desc": "Uluslararası taşımacılık faaliyeti gösteren firmalar istisna kapsamındadır."
          },
          {
            "title": "Şahıs İşletmeleri",
            "desc": "KDV mükellefi olan şahıs işletmeleri de gerekli şartları sağladığında iade alabilir."
          }
        ]
      },
      {
        "type": "benefits_simple",
        "title": "SG-YMM İle Çalışmanın Avantajları",
        "benefits": [
          {
            "title": "Eksiksiz Raporlama",
            "desc": "YMM raporlarının mevzuata tam uyumlu ve eksiksiz hazırlanması."
          },
          {
            "title": "Hızlı Sonuç",
            "desc": "Bürokratik süreçlerin uzman kadromuzla hızlı ve etkin yönetilmesi."
          },
          {
            "title": "Risk Yönetimi",
            "desc": "Olası inceleme risklerinin önceden tespiti ve proaktif çözümler."
          },
          {
            "title": "Nakit Akışı",
            "desc": "İadelerin zamanında alınmasıyla işletme nakit akışının güçlendirilmesi."
          }
        ]
      },
      {
        "type": "content_with_image",
        "title": "Başvuru İçin Gerekli Belgeler",
        "content": "\n        <p>KDV iade talebinde bulunabilmek için mevzuatta belirlenen belgelerin eksiksiz ve doğru bir şekilde hazırlanarak sunulması gereklidir.</p>\n        <div class=\"mt-4\"><p>KDV iade talebinde bulunabilmek için mevzuatta belirlenen belgelerin eksiksiz ve doğru bir şekilde hazırlanarak sunulması gereklidir. Bu kapsamda sunulması gereken temel belgeler;</p><li>KDV Beyannamesi</li><li>KDV iade listeleri</li><li>İhracat için gerekli olan gümrük beyannamesi</li><li>Tevkifatlı fatura örnekleri</li><li>Eğer varsa mahsup talep dilekçesi</li><p>KDV iade başvurusu yaparken işletmelerin faaliyet alanı gerekli evraklarda değişiklik gösterebilir. Bu yüzden KDV Kanunu ve ilgili mevzuatı takip etmeniz ve süreci doğru yönetmeniz indirimli KDV iadesi ve sürecin daha verimli ilerleyebilmesi için oldukça önemlidir.</p><p>11’İnci maddeye göre iade talebinde bulunabilmek için gerekli olan belgeler;</p><p>KDV Kanunu’nun 11’inci maddesine göre iade talebinde bulunabilmek için bazı belgeler bulunur ve bu belgelerde evrakların eksik olması veya doğru evrağın sunulmaması durumunda iade talebi süreci uzayabilir ve hatta reddedilebilir. Çünkü ihracat istisnası ve bu kapsamda yapılan teslimleri düzenleyen 11’indi maddeye göre KDV iadesi almak için ihracat işlemini belgeleyen gümrük beyannamesi, KDV iade listeleri, ilgili satış faturaları, iade talep dilekçesi ve varsa mahsup talebi ve dilekçesi olması gereklidir.</p><p>13’üncü maddeye göre iade İşlemi İçin gerekli olan belgeler;</p><p>Araç, yatırım ve taşıma süreçleri gibi özel durumları kapsayan 13’üncü madde, iade talebi için varsa yatırım teşvik belgesi, ilgili işlemin fatura ve sözleşmeleri, indirimli oran KDV iadesi için yüklenilen KDV listesi, iade talep dilekçesi ve ilgili dönemin beyannamesi gerekli görülmektedir.</p><p>29’uncu maddeye göre iade işleminde istenen belgeler;</p><p>Gerçekleşmeyen işlemleri ve kısmı tevkifat süreçlerini kapsayan 29’uncu maddeye göre iade talebinde bulunmak için istenilen belgeler oldukça önemlidir. Bu belgeler içerisinde tevkifatlı işlemler için istenilen karşılıklı mutabakat yazısı, tevkifatlı fatura iade örnekleri, KDV iade listeleri, KDV beyannamesi ve gerçekleşmeyen işlemler için iade süreci varsa bu duruma ilişkin belgeler talep edilmektedir.</p></div>\n        <div class=\"mt-4\">\n            <h4 class=\"text-lg font-bold\">Önemli Hatırlatma</h4>\n            <p>Belgelerin eksik veya hatalı olması sürecin uzamasına veya reddine neden olabilir. SG-YMM olarak tüm dosya hazırlık sürecinizi profesyonelce yönetiyoruz.</p>\n        </div>\n    ",
        "image": "/assets/images/kdv-iade/hero-tax.webp",
        "image_position": "left"
      },
      {
        "type": "faq_clean",
        "title": "Sıkça Sorulan Sorular",
        "faqs": [
          {
            "q": "KDV İadesi Ne Zaman Yapılır?",
            "a": "KDV iadesi eğer aynı ay içinde tevkifatlı fatura iadesi gerçekleşmiş ise işlemin hemen ardından başvuru yapılarak süreç tamamlanabilir. Fakat genelde ilgili dönemin beyannamesi verildikten sonra talep edilme işlemiyle KDV iadesi yapılır. Tabi sürecin başlaması için iade talep dilekçesi, KDV iade listeleri ve diğer gerekli belgelerin eksiksiz ve doğru bir şekilde hazırlanıp ibraz edilmesi ile başlamaktadır."
          },
          {
            "q": "KDV İadesi Nasıl Alınır?",
            "a": "KDV iadesi almak isteyen mükelleflerin öncelikle KDV iade listeleri, iade talep dilekçesi ve diğer belgelerin eksiksiz hazır olması gerekmektedir. Daha sonra iade hakkı doğuran işlemin iade türüne göre gerekli belgelerle birlikte Gelir İdaresi sistemine başvuru yapılarak talep edilir. Talep edilen KDV iadesini nakden de alabilirsiniz. Fakat borçlu mükelleflere karşılık mahsuben de kullanıldığı durumlar olmaktadır."
          },
          {
            "q": "İhracat İşlemlerinde KDV İadesi Nasıl Alınır?",
            "a": "İhracatlarda KDV iadesi süreci istisna olmasına rağmen yüklenilen iadenin alınması mümkün olsa da başvuru sürecinde sisteme yüklenilmesi gereken bazı evraklar bulunmaktadır. Bu evraklar içerisinde; satış faturaları, gümrük beyannamesi, taşıma belgeleri ve yüklenilen KDV listesi gibi evraklar yer alır ve bu evrakların eksiksiz hazırlanarak sisteme yüklenmesi gerekmektedir. Aynı zamanda da ihracatlarda KDV iadesi sürecinin hızlı ve sorunsuz ilerleyebilmesi için sürecin e-fatura ve e-defter kayıtlarına uyumlu bir şekilde yürütülmelidir."
          },
          {
            "q": "KDV İade Alacağı Nasıl Hesaplanır?",
            "a": "KDV iade alacağını hesaplamak için yüklenilen ve indirim konusu yapılamayan KDV tutarı baz alınarak hesaplama işlemi yapılmaktadır. Özellikle tevkifat iade faturası işlemlerinde yüklenilen ve indirim konusuna ek olarak karşı tarafın beyanı ve ödeme bilgileri de hesaplama işlemine dahil edilmektedir. Tutarın doğru bir şekilde belirlenmesi için KDV iade listeleri eksiksiz bir şekilde hazırlanarak dikkat edilmelidir."
          },
          {
            "q": "KDV İadesi Başvurusu Nereye Yapılır?",
            "a": "KDV iadesi başvuru sürecinin nereye yapıldığı indirimli KDV iadesi sürecinden yararlanmak ve geri almak isteyen birçok kişi tarafından merak edilip araştırılan bir konudur. KDV iade başvurusu için Gelir İdaresi Başkanlığı (GİB) üzerinden dijital ortamda başvurularınızı gerçekleştirebilirsiniz."
          },
          {
            "q": "Şahıs KDV İadesi Alabilir Mi?",
            "a": "KDV mükellefi olunduğu takdirde KDV iade sürecinden yararlanılabilir. Şahıs işletmeleri de KDV mükellefi olduğu için KDV iadesi hakkına sahiptir. Tabi bunun yanı sıra şahıs işletmelerin iade alabilmesi için yaptığı mal/hizmet satışları üzerinden hesap yapılan KDV’nin daha fazla inceltilerek KDV’ye sahip olması gerekmektedir."
          },
          {
            "q": "KDV İade Talebi İnternetten Yapılabilir mi?",
            "a": "KDV iade talebini internet üzerinden Vergi Dairesi kullanıcı kodu ve şifre ile giriş yaparak dijital ortamdan yapabilirsiniz. Süreci Gelir İdaresi Başkanlığı’ndan dijital ortamda takip edebilir ve gerekli belgeleri sisteme yükleyerek işlemlerinizi gerçekleştirebilirsiniz."
          },
          {
            "q": "Gerçekleşmeyen İşlemlerde KDV İadesi Alınabilir mi?",
            "a": "Evet, gerçekleşmeyen işlemlerde eğer alınan mal iade edilmişse veya satış tam gerçekleşmemişse KDV iadesi alınabilir. Alınan KDV iadesi belgelenerek, iptal edilen fatura ve iade faturası sisteme yüklenerek belgelendirilmelidir."
          }
        ]
      },
      {
        "type": "cta_simple",
        "title": "KDV İadelerinizi Hızla ve Güvenle Alın",
        "description": "Uzman YMM kadromuzla KDV iade süreçlerinizi uçtan uca yönetiyoruz.",
        "button_text": "Hemen Başvurun"
      }
    ]
  }
}