{
  "slug": "tubitak-destekleri",
  "title": "TUBITAK",
  "title_highlighted": "Destekleri",
  "layout_density": "compact",
  "category": "Finansmana Erisim ve Surdurulebilirlik",
  "breadcrumb": [
    { "name": "Anasayfa", "link": "/" },
    { "name": "Servisler", "link": "/servisler" },
    { "name": "Finansmana Erisim ve Surdurulebilirlik", "link": "/services/finansmana-erisim-ve-surdurulebilirlik" },
    { "name": "Finansmana Erisim", "link": "/services/finansmana-erisim-ve-surdurulebilirlik/finansmana-erisim" },
    { "name": "TUBITAK Destekleri", "link": "/services/finansmana-erisim-ve-surdurulebilirlik/finansmana-erisim/tubitak-destekleri" }
  ],
  "hero": {
    "title": "TUBITAK Fonlarina Erisim Danismanligi",
    "description": "Ar-Ge ve inovasyon projeleriniz icin uygun TUBITAK programini belirleyin, basvurunuzu dogru kurgulayin ve sureci ucdan uca yonetin.",
    "image": "/assets/images/services/tubitak-destekleri-hero.jpg",
    "buttons": [
      { "text": "Uygunluk Analizi Yaptiralim", "link": "#contact", "variant": "primary" },
      { "text": "Programlari Incele", "link": "#services", "variant": "outline" }
    ]
  },
  "sections": [
    {
      "type": "hero_intro",
      "title": "TUBITAK Fonlarina",
      "title_highlight": "Erisim",
      "description": "Sistem Global, KOBI odakli olmak uzere her olcekte kurulusun Ar-Ge ve yenilik projelerinde destek programlarina erisimini hizlandirir.",
      "badge": "%75+ Basari Yaklasimi",
      "features": [
        "20+ Yillik hibe ve tesvik tecrubesi",
        "Program uygunluk ve kurgu destegi",
        "Basvuru ve hakem surec yonetimi",
        "Raporlama ve AGY300 teknik dosya destegi"
      ],
      "image": "/assets/images/services/tubitak-destekleri-hero.jpg"
    },
    {
      "type": "content_with_image",
      "title": "Sistem Global ile Isinizi Gelistirmek Icin Gerekli Desteklere Hazir misiniz?",
      "content": "<p>Sistem Global Danismanlik olarak, hizmetlerimizle Turkiye'nin gelecegine yatirim yapmak isteyen KOBI basta olmak uzere her olcekteki sanayi kuruluslarinin yanindayiz.</p><p>Uzman ve tecrubeli ekibimizle Ar-Ge ve inovasyon ekosisteminin gelisimine katki sagliyor; ulusal hibe ve tesvik programlarina basvuruda 20 yili asan tecrubemizle TUBITAK TEYDEB proje basvuru sureclerinizi profesyonel sekilde yonetiyoruz.</p>",
      "image": "/assets/images/services/tubitak-destekleri-intro.jpg",
      "image_position": "right"
    },
    {
      "type": "tabs_content",
      "title": "Neden Sistem Global?",
      "layout": "top_center",
      "items": [
        {
          "label": "27+ Tecrube",
          "title": "27+ Yillik Tecrube",
          "content": "<p>Sektordeki degisikliklere hizli uyum saglayarak kurumlara guvenilir bir danismanlik modeli sunuyoruz.</p>"
        },
        {
          "label": "Farkli Bakis",
          "title": "Farkli Bakis Acilari",
          "content": "<p>Projeleri teknik, finansal ve mevzuat boyutlariyla cok yonlu degerlendiriyor; sonuca donuk aksiyon plani olusturuyoruz.</p>"
        },
        {
          "label": "Guclu Uzmanlik",
          "title": "Guclu Referanslar ve Sektorel Uzmanlik",
          "content": "<p>Bilisim, biyoteknoloji, kimya-plastik, makine-imalat, tekstil, elektrik-elektronik ve saglik gibi farkli sektorlerde proje tecrubesiyle hizmet veriyoruz.</p>"
        }
      ]
    },
    {
      "type": "process_grid",
      "title": "TUBITAK Fonlarina Erisim Danismanligi Hizmet Yaklasimimiz",
      "description": "Basvurudan uygulamaya kadar tum sureci planli, olculebilir ve denetlenebilir adimlarla yuruturuz.",
      "steps": [
        {
          "number": "01",
          "title": "On Degerlendirme",
          "desc": "Projenizin ulusal veya uluslararasi fon mekanizmalarina uygunlugunu ve basvuru potansiyelini ayrintili analiz ediyoruz."
        },
        {
          "number": "02",
          "title": "Finansal Destek Imkanlarinin Tanimlanmasi",
          "desc": "Destek oranlari, ust limitler, uygun maliyet kalemleri ve kosullari inceleyerek projenize en uygun finansman seceneklerini belirliyoruz."
        },
        {
          "number": "03",
          "title": "Proje Yapilandirma ve Kurgu",
          "desc": "Projenizi program oncelikleri, degerlendirme kriterleri ve stratejik hedeflerle uyumlu sekilde yeniden kurguluyoruz."
        },
        {
          "number": "04",
          "title": "Proje Yazimi ve Basvuru",
          "desc": "Dokumantasyonu teknik ve idari acidan tamamlayip basvurunun zamaninda ve eksiksiz sekilde yapilmasini sagliyoruz."
        },
        {
          "number": "05",
          "title": "Hakem Gorusmeleri",
          "desc": "Muhtemel sorulara on hazirlik, sunum planlamasi ve ekip koordinasyonu ile hakem gorusmelerini etkin yonetiyoruz."
        },
        {
          "number": "06",
          "title": "Raporlama ve AGY300 Destegi",
          "desc": "Proje suresince idari-teknik-finansal koordinasyon ile TEYDEB 1501 AGY300 teknik rapor ve gider formlarinda destek veriyoruz."
        }
      ]
    },
    {
      "type": "image_text",
      "title": "Danismanlik Verdigimiz TUBITAK Programlari",
      "content": "<p>1501, 1505, 1507, 1509, 1511, 1512 (BiGG), 1515, 1601, 1707, 1831, 1832 ve 1833 cagri mekanizmalarinda projenin niteligine uygun kurgu ile basvuru surecini yonetiyoruz.</p><p>Amacimiz, kurumunuzun dogru programa dogru zamanda ve dogru kapsamla basvurmasini saglayarak hibe etkisini artirmaktir.</p>",
      "image": "/assets/images/services/tubitak-destekleri-programs.jpg",
      "layout": "left"
    },
    {
      "type": "services_list",
      "title": "Kapsamdaki Programlar",
      "compact": true,
      "services": [
        { "title": "1501 - Sanayi Ar-Ge Projeleri Destekleme Programi", "desc": "" },
        { "title": "1505 - Universite-Sanayi Isbirligi Destek Programi", "desc": "" },
        { "title": "1507 - KOBI Ar-Ge Baslangic Destek Programi", "desc": "" },
        { "title": "1509 - Uluslararasi Sanayi Ar-Ge Projeleri", "desc": "" },
        { "title": "1511 - Oncelikli Alanlar Teknoloji ve Yenilik", "desc": "" },
        { "title": "1512 - Teknogirisim Sermayesi (BiGG)", "desc": "" },
        { "title": "1515 - Oncul Ar-Ge Laboratuvarlari", "desc": "" },
        { "title": "1601 - Yenilik Girisimcilik Kapasite Artirma", "desc": "" },
        { "title": "1707 - Siparise Dayali Ar-Ge KOBI Programi", "desc": "" },
        { "title": "1831 - Yesil Inovasyon Teknoloji Mentorluk", "desc": "" },
        { "title": "1832 - Sanayide Yesil Donusum Cagrisi", "desc": "" },
        { "title": "1833 - SAYEM Yesil Donusum Cagrisi", "desc": "" }
      ]
    },
    {
      "type": "accordion_rich",
      "title": "Program Detaylari",
      "items": [
        {
          "title": "1501 - Sanayi Ar-Ge Projeleri Destekleme Programi",
          "content": "<p><strong>Amac:</strong> Yenilikci urun ve uretim teknolojilerinin gelistirilmesini desteklemek; Ar-Ge kaynakli mali riskleri azaltmak.</p><p><strong>Degerlendirme Kriterleri:</strong> Endustriyel Ar-Ge icerigi ve yenilik duzeyi, proje plani ve altyapi uygunlugu, ciktilarin ekonomik yarara donusmesi.</p><p><strong>Ozet:</strong> Cagrili yapi, destek orani %75, azami sure 36 ay, butce limiti yok.</p><p><strong>Kapsam:</strong> Yeni urun, kalite/standart artisi, maliyet dusurucu teknikler, yeni uretim teknolojileri.</p><p><strong>Desteklenen Giderler:</strong> Personel, seyahat, alet-tecizat-yazilim-yayin, Ar-Ge hizmet alimlari, danismanlik/hizmet alimlari, malzeme-sarf, YMM ve tasdik raporu giderleri.</p>"
        },
        {
          "title": "1505 - Universite-Sanayi Isbirligi Destek Programi",
          "content": "<p><strong>Amac:</strong> Universite/kamu bilgi birikiminin KOBI ihtiyaclari dogrultusunda urun/surece donusturulup ticarilestirilmesine katki saglamak.</p><p><strong>Ozet:</strong> Surekli basvuru, proje ust limiti 1 milyon TL, buyuk olcekli icin %60 ve KOBI icin %75 destek, azami 24 ay.</p><p><strong>Basvuru:</strong> Sermaye sirketleri ile yuksekogretim kurumlari/arastirma kurumlarinin ortak proje basvurulari.</p><p><strong>Desteklenen Giderler:</strong> Personel, seyahat, alet-tecizat-yazilim-yayin, malzeme-sarf, hizmet alimlari ve ilgili mali musavirlik giderleri.</p>"
        },
        {
          "title": "1507 - KOBI Ar-Ge Baslangic Destek Programi",
          "content": "<p><strong>Amac:</strong> KOBI olcegindeki kuruluslarin Ar-Ge kapasitesini guclendirmek ve yenilikci faaliyetlerini artirmak.</p><p><strong>Ozet:</strong> Surekli basvuru, hibe orani %75, proje ust limiti 1.200.000 TL, azami 18 ay.</p><p><strong>Kapsam:</strong> Yeni urun, kalite/standart iyilestirme, maliyet dusurucu teknikler, yeni uretim teknolojileri.</p><p><strong>Notlar:</strong> Basariyla tamamlanan projelerde fikir sahibi arastirmaciya tesvik odulu; belirli kosullarla toplam 5 proje basvuru imkani.</p>"
        },
        {
          "title": "1509 - Uluslararasi Sanayi Ar-Ge Projeleri",
          "content": "<p><strong>Amac:</strong> Sirketlerin EUREKA, EUROSTARS ve benzeri uluslararasi Ar-Ge platformlarina katilimini tesvik etmek; teknoloji transferi ve ozgun teknoloji gelistirimini hizlandirmak.</p><p><strong>Ozet:</strong> Surekli basvuru, buyuk olcekli %60 / KOBI %75 destek, butce limiti yok, proje suresi uluslararasi proje suresiyle uyumlu.</p><p><strong>Etki:</strong> Teknik yeterlilik artisi, uluslararasi bilgi birikimine erisim ve kuresel rekabet gucunun gelistirilmesi.</p>"
        },
        {
          "title": "1511 - Oncelikli Alanlar Arastirma Teknoloji Gelistirme ve Yenilik",
          "content": "<p><strong>Amac:</strong> Orta-yuksek ve yuksek teknoloji odakli projelerle katma degeri artirmak ve ulusal oncelikli alanlarda proje uretimini desteklemek.</p><p><strong>Oncelik Alanlari:</strong> Guclu alanlar (otomotiv, BIT, makine imalat) ve gelistirilmesi gereken alanlar (enerji, gida, su, savunma, uzay, saglik).</p><p><strong>Ozet:</strong> Cagrili yapi, proje ust limiti 6.000.000 TL, KOBI %75 / buyuk olcekli %60 destek, azami 36 ay.</p><p><strong>Desteklenen Giderler:</strong> Personel, seyahat, ekipman-yazilim-yayin, malzeme-sarf, yurt ici/yurt disi danismanlik-hizmet, YMM ve genel giderler.</p>"
        },
        {
          "title": "1512 - Teknogirisim Sermayesi Destegi (BiGG)",
          "content": "<p><strong>Amac:</strong> Teknoloji ve yenilik odakli fikirlerin katma degeri yuksek girisimlere donusmesini saglamak.</p><p><strong>Kapsam Basliklari:</strong> Akilli ulasim, akilli uretim sistemleri, enerji ve temiz teknolojiler, iletisim ve sayisal donusum, saglik ve iyi yasam, surdurulebilir tarim ve beslenme.</p><p><strong>Surec:</strong> Uc asamali yapi (is fikri degerlendirme, is plani degerlendirme, ticarilesme odakli izleme/gelistirme).</p><p><strong>Ozet:</strong> Cagrili yapi, ust limit 450.000 TL, azami 18 ay, en az lisans derecesine sahip bireysel girisimciler basvurabilir.</p>"
        },
        {
          "title": "1515 - Oncul Ar-Ge Laboratuvarlari Destekleme Programi",
          "content": "<p><strong>Amac:</strong> Bilimsel/teknolojik bilgi ureten yapilarin niteligini artirmak ve ulkenin Ar-Ge yetkinligini guclendirmek.</p><p><strong>Ozet:</strong> Surekli basvuru, butce ust limiti 10.000.000 TL, destek orani %75.</p><p><strong>Notlar:</strong> Destek suresi 5 yil olup gerekli kosullarda uzatilabilir; programa basvuracak kuruluslar icin belirli Ar-Ge harcama esikleri bulunur.</p>"
        },
        {
          "title": "1601 - Yenilik Girisimcilik Alanlarinda Kapasite Artirilmasi",
          "content": "<p><strong>Amac:</strong> Girisimcilik ve yenilik ekosisteminde kapasiteyi artiracak yapilarin gelistirilmesi.</p><p><strong>Kapsam:</strong> Mentorluk, nitelikli personel, is birligi aglari, kumelenme, proje/teknoloji yonetimi, proje-yatirim pazarlari.</p><p><strong>Basvuru:</strong> Cevrim ici PRODIS uzerinden: <a href=\"https://eteydeb.tubitak.gov.tr\" target=\"_blank\" rel=\"noreferrer\">eteydeb.tubitak.gov.tr</a></p><p><strong>Ozet:</strong> Cagrili yapi, ust limit 1.000.000 TL, azami 24 ay.</p>"
        },
        {
          "title": "1707 - Siparise Dayali Ar-Ge Projeleri icin KOBI Programi",
          "content": "<p><strong>Amac:</strong> Musteri ihtiyacina dayali Ar-Ge projeleri ile KOBI'lerin cozum uretim ve ticarilesme kapasitesini artirmak.</p><p><strong>Kapsam:</strong> Sektor/konu kisiti olmadan Ar-Ge projeleri; KOBI tedarikci ve KOBI/buyuk olcekli musteri kurulus ortaklik modeli.</p><p><strong>Ozet:</strong> Cagrili yapi, ust limit 5.000.000 TL, buyuk olcekli %60 / KOBI %75 destek, azami 24 ay.</p><p><strong>Desteklenen Giderler:</strong> Personel, seyahat, danismanlik, hizmet alimlari, ekipman-yazilim-yayin, malzeme-sarf ve mali musavirlik giderleri.</p>"
        },
        {
          "title": "1831 - Yesil Inovasyon Teknoloji Mentorluk Cagrisi",
          "content": "<p>KOBI'lerin yesil donusum gerekliliklerine uyumu icin alinacak teknik yardim giderleri desteklenir.</p><p>Uzman kuruluslardan alinacak teknoloji danismanligi, kapasite/durum analizi, problem tespiti, cozum yaklasimlari ve yol haritasi hazirlama hizmetlerinde destek orani %90'a kadar cikabilir. Destek suresi 6 ay, butce ust limiti 7.000 USD olarak tanimlanmistir.</p><p><strong>Destege Konu Hizmetler:</strong> Mevcut durum analizi, bosluk analizi, cozum gelistirme, yol haritasi olusturma ve uygulama rehberligi.</p>"
        },
        {
          "title": "1832 - Sanayide Yesil Donusum Cagrisi",
          "content": "<p>Yesil donusum odakli daha once Ar-Ge ile gelistirilmis prototiplerin ticarilesme oncesi faaliyetleri desteklenir.</p><p>Desteklerden yararlanan sermaye sirketlerine faizsiz geri odemeli finansman saglanir; destek oranlari buyuk sirketler icin %70, KOBI icin %80 ve deprem bolgesindeki KOBI'lerde %90 seviyesine kadar cikabilir.</p><p><strong>Ozet Bilgiler:</strong> Proje suresi en fazla 24 ay; farkli olceklerde proje butce ust limitleri tanimlanmistir.</p>"
        },
        {
          "title": "1833 - SAYEM Yesil Donusum Cagrisi",
          "content": "<p>Ozel sektor, universite ve kamu is birligiyle yenilik platformlari olusturularak sanayiye yonelik yuksek katma degerli urun/urun gruplari gelistirilmesi hedeflenir.</p><p>Universite ve kamu kurumlari icin hibe, sermaye sirketleri icin faizsiz geri odemeli finansman mekanizmasi bulunur. Destek oranlari olcege gore farklilasir ve performansa bagli hibe donusumleri soz konusu olabilir.</p><p><strong>Ozet Bilgiler:</strong> Destek suresi en fazla 36 ay; konsorsiyum ve platform bazli butce ust limitleri cagri metninde tanimlidir.</p>"
        }
      ]
    },
    {
      "type": "text",
      "title": "Basvuru Altyapisi ve Surec",
      "content": "<p>TUBITAK'a yapilacak basvurular cevrim ici olarak PRODIS uzerinden gonderilir. Basvuru dosyasinin teknik kurgu, maliyet yapisi ve program kriterleriyle uyumu birlikte ele alinmalidir.</p><p>Basvurularin donemsel takvime uygun, belge setinin eksiksiz ve proje mantik cercevesinin olculebilir hedeflerle kurgulanmasi basari olasiligini yukselten temel unsurlardir.</p><p>PRODIS erisim: <a href=\"https://eteydeb.tubitak.gov.tr\" target=\"_blank\" rel=\"noreferrer\">https://eteydeb.tubitak.gov.tr</a></p>"
    },
    {
      "type": "report_cards",
      "title": "Ilgili Yayinlar ve Cagri Duyurulari",
      "subtitle": "TUBITAK cagri guncellemelerini takip edin",
      "reports": [
        {
          "title": "TUBITAK 1832 - Sanayide Yesil Donusum 2025-2 Cagrisi Acildi",
          "url": "https://www.sistemglobal.com.tr/bultenler/ar-ge/tubitak-1832-sanayide-yesil-donusum-2025-2-cagrisi-acildi/",
          "meta": "Bulten"
        },
        {
          "title": "KOBI'ler Icin Ar-Ge'de Yeni Donem: 1501 ve 1507 Cagrilari",
          "url": "https://www.sistemglobal.com.tr/bultenler/ar-ge/kobiler-icin-ar-gede-yeni-donem-basliyor-tubitak-1501-ve-1507-cagrilari-acildi/",
          "meta": "Bulten"
        },
        {
          "title": "1832-2025-1 Cagrisi - TUBITAK TEYDEB Sanayide Yesil Donusum",
          "url": "https://www.sistemglobal.com.tr/bultenler/ar-ge/1832-2025-1-cagrisi-tubitak-teydeb-sanayide-yesil-donusum-destegi/",
          "meta": "Bulten"
        },
        {
          "title": "TUBITAK 1832 ve 1833 Cagrilari Yeniden Aciliyor",
          "url": "https://www.sistemglobal.com.tr/bultenler/ar-ge/tubitak-1832-ve-1833-cagrilari-yeniden-aciliyor/",
          "meta": "Bulten"
        },
        {
          "title": "TUBITAK 1832 Cagrisina Basvurmak Icin Gec Kalmayin",
          "url": "https://www.sistemglobal.com.tr/bultenler/ar-ge/tubitak-1832-sanayide-yesil-donusum-cagrisina-basvurmak-icin-gec-kalmayin/",
          "meta": "Bulten"
        }
      ]
    },
    {
      "type": "cta_box",
      "title": "Projeniz Icin Dogru Fonlama Kurgusunu Birlikte Kuralim",
      "description": "Ekibinizin hayalindeki projeyi hayata gecirmek icin uygun programi belirleyelim, basvuru dosyasini birlikte guclendirelim.",
      "button_text": "Hemen Iletisime Gecin",
      "secondary_button": "Detayli Bilgi Alin"
    }
  ]
}
