{
  "slug": "yurtdisi-sirket-kurma",
  "title": "Yurtdışı Şirket",
  "title_highlighted": "Kurma",
  "layout_density": "compact",
  "category": "Globallesme ve İhracat",
  "youtube_id": "C9aBRA-J3X8",
  "breadcrumb": [
    {
      "name": "Anasayfa",
      "link": "/"
    },
    {
      "name": "Servisler",
      "link": "/servisler"
    },
    {
      "name": "Globallesme ve İhracat",
      "link": "/services/globallesme-ve-ihracat"
    },
    {
      "name": "Yurtdışı Şirket Kurma",
      "link": "/services/globallesme-ve-ihracat/yurtdisi-sirket-kurma"
    }
  ],
  "hero": {
    "title": "Yurtdışı Şirket Kurma",
    "description": "Küresel pazarlara güvenle açılın, doğru ülke ve şirket türü seçimiyle büyümenizi hızlandırın.",
    "image": "/assets/images/services/yurtdisi-sirket-kurma-hero.jpg",
    "buttons": [
      {
        "text": "Uzmanımızla Görüşün",
        "link": "#contact",
        "variant": "primary"
      },
      {
        "text": "Süreç Detayları",
        "link": "#services",
        "variant": "outline"
      }
    ]
  },
  "sections": [
    {
      "type": "hero_intro",
      "title": "Yurtdışında",
      "title_highlight": "Şirketleşme",
      "description": "Ülke seçimi, şirket türü ve kurulum süreçlerinde stratejik bir yol haritası oluşturun.",
      "badge": "Global Yapılanma",
      "features": [
        "Ülke Seçimi ve Uygunluk Analizi",
        "Şirket Türü Belirleme",
        "Yasal ve Finansal Uyum",
        "Hızlı Kurulum ve Operasyonel Destek"
      ],
      "image": "/assets/images/services/yurtdisi-sirket-kurma-hero.jpg"
    },
    {
      "type": "content_with_image",
      "title": "Yurtdışında Şirketleşme Nedir?",
      "content": "<p>Şirketlerin birçoğu belirli bir büyüklüğe geldikten sonra ürünlerini dış piyasaya çıkarmak ve yurtdışındaki potansiyel müşterilerine ulaşarak satış hacmini artırma vizyonunu hedefler.</p><p>Şirketlerin yurt dışındaki rekabet ortamında ayakta kalabilmesi için müşterisine ve pazara yakın olması avantajlı bir konuma gelmesini sağlar. Bu nedenle yurtdışına açılmak özellikle ihracatını arttırmak isteyen şirketler için önemli ve doğru bir adımdır.</p><p>Yurtdışında şirketleşme, bir kişinin veya işletmenin kendi ülkesinden farklı bir ülkede yasal bir ticari yapı kurarak uluslararası alanda faaliyet göstermesidir. Bu faaliyet süreci, girişimcilerin global pazara açılmasını, yabancı yatırımcılardan destek almasını ve çoğu zaman vergi avantajlarından yararlanmasını sağlar. Bu nedenle yurtdışında şirket kurmak, sadece büyük ölçekli firmalar için değil, dijital girişimciler, yazılımcılar, e-ticaret yapanlar ve danışmanlık hizmeti verenler için de giderek daha cazip hale gelmektedir. Özellikle son dönemde Estonya, İngiltere, ABD, Hollanda ve BAE gibi ülkelerin girişimcilere sağladığı düşük vergi oranları, dijital altyapı avantajları ve yatırımcıya açık yapıları yurtdışında şirketleşme faaliyetlerini daha da artmıştır. Bu bağlamda yurtdışında şirket kurmak, küresel rekabette daha güçlü bir konuma gelmek isteyen bireyler ve işletmeler için stratejik bir adımdır.</p>",
      "image": "/assets/images/services/yurtdisi-sirket-kurma-intro.jpg",
      "image_position": "right"
    },
    {
      "type": "content_with_image",
      "title": "Yurt Dışında Nasıl Şirket Kurulur?",
      "content": "<p>Yurtdışında şirket kurmak isteyenlerin, kurulum sürecinde en merak ettiği sorulardan birisi de “yurtdışında nasıl şirket kurulur?” sorusudur. Bu sorunun cevabı her ne kadar karmaşık ve uzun süreli bir durum olarak gözükse de, sanılanın aksine oldukça kolay ve kısa sürmektedir. Özellikle dijitalleşmenin artmasıyla birlikte birçok ülke online şirket kurulumuna olanak tanımaktadır.</p><p>Bu bağlamda ilk olarak hangi ülkede şirket kurmak istediğinize karar vermeniz gerekir. Bu aşamada hedeflediğiniz pazar, vergi avantajları, dil ve yasal altyapı gibi kriterler belirleyici olur. Örneğin; ABD, dijital girişimciler için Delaware ve Wyoming gibi eyaletleri ile öne çıkarken; Estonya, dijital kimlik (e-Residency) programı sayesinde tüm süreci uzaktan yürütme imkânı sunar. Bu nedenle ülke seçimi yaparken, ülkenin sunduğu avantajlara dikkat etmeniz gerekir. Ülke seçiminin ardından, o ülkenin yasal mevzuatına uygun bir şirket türü belirlenir. Genellikle en çok tercih edilen yapılar arasında limited şirket (LLC), anonim şirket (Corporation) ve şahıs şirketi (Sole Proprietorship) bulunur.</p><p>Bir sonraki adımda ise, şirketin resmi unvanı belirlenir ve gerekli kuruluş belgeleri hazırlanır. Bu belgeler; kurucu ortakların bilgileri, şirket sözleşmesi (Articles of Association), faaliyet alanı ve sermaye yapısı gibi bilgileri içerir. Belgelerin hazırlanmasının ardından başvurular çoğu zaman online olarak ilgili resmi kurumlara (örneğin ticaret sicili veya şirketler dairesi) yapılabilir. Bu başvuruların onaylanması genellikle birkaç iş günü içinde tamamlanır.</p><p>Şirketin kurulmasıyla birlikte, yurt dışındaki vergi dairesine kayıt yaptırılır ve varsa yerel temsilci atanması gibi ek yükümlülükler yerine getirilir. Kurulumun tamamlanması için önemli bir adım da banka hesabı açılmasıdır. Bazı ülkelerde şirket kurulumunun ardından banka hesabı açmak kolay olurken, bazı ülkelerde daha sıkı incelemeler yapılabilir. Bu nedenle, dijital banka çözümleri (wise, payoneer, mercury gibi) de girişimciler arasında popülerdir. Sonuç olarak tüm bu adımları tamamladıktan sonra yurt dışında kolaylıkla şirketinizi kurabilirsiniz.</p>",
      "image": "/assets/images/services/yurtdisi-sirket-kurma-process.jpg",
      "image_position": "right"
    },
    {
      "type": "accordion_rich",
      "title": "Yurtdışı Şirket Kurma Süreci ve Şirket Türleri",
      "items": [
        {
          "label": "Süreç",
          "title": "Yurtdışı Şirket Kurma Süreci Nasıl İşler?",
          "content": "<p><strong>Özet:</strong> Yurt dışında şirket kuruluş işlemleri sanılanın aksine oldukça kolay ve hızlıdır.</p><p>Yurt dışında şirket kuruluş işlemleri sanılanın aksine oldukça kolay ve hızlıdır. Ancak bu şirket kuruluş işlemlerini adım adım yapmanız ve dikkatli bir şekilde yürütmenizi öneririz. Aksi halde şirket kuruluş işlemleri esnasında aksaklıklar yaşanabilir. Bu bağlamda yurtdışında şirket kurma aşamaları şu şekildedir;</p>"
        },
        {
          "label": "Çeşitler",
          "title": "Yurtdışı Şirket Kurma Çeşitleri",
          "content": "<p><strong>Özet:</strong> Yurtdışında şirket kurmaya karar verdiyseniz, mutlaka yurtdışı şirket kurma çeşitlerini bilmeniz gerekir.</p><p>Yurtdışında şirket kurmaya karar verdiyseniz, mutlaka yurtdışı şirket kurma çeşitlerini bilmeniz gerekir. Böylelikle göstermek istediğiniz ülkenin mevzuatına ve iş planınıza en uygun şirket türünü seçerek süreci daha verimli ve yasal zeminde ilerletebilirsiniz. Aksi halde ihtiyaçlarınıza uygun olmayan bir şirket türü seçmeniz durumunda hem yasal yükümlülüklerde sorun yaşayabilir hem de vergi, muhasebe ve yönetim süreçlerinde gereksiz zaman ve maliyet kaybına uğrayabilirsiniz. Bu kapsamda yurtdışı şirket kurma türlerine göz atacak olursak şu şekildedir;</p>"
        },
        {
          "label": "Limited",
          "title": "Yurt Dışında Limited Şirket Kurmak",
          "content": "<p><strong>Özet:</strong> Limited şirket kurmak, hem yurtiçinde hem de yurtdışında girişimciler tarafından en çok tercih edilen şirket türlerinden biridir.</p><p>Limited şirket kurmak, hem yurtiçinde hem de yurtdışında girişimciler tarafından en çok tercih edilen şirket türlerinden biridir. Bunun temel nedeni kuruluş sürecinin görece hızlı ve düşük maliyetli olması, ayrıca ortakların şirket borçlarından sadece taahhüt ettikleri sermaye miktarı kadar sorumlu tutulması olarak gösterilebilir. Bu noktada Limited şirketler genellikle küçük ve orta ölçekli işletmeler için ideal bir yapıda olmakla beraber, büyüme potansiyeli yüksek girişimler için de güçlü bir zemin sunar. O yüzden de limited şirket kurmak pek çok girişimci için avantajlı görünmektedir. Limited şirket kurmak için ilk olarak kurulacak şirketin ticaret unvanı yani ismi belirlenir. Sonrasında ise klasik ola yurtdışı şirket kuruluşundaki aşamalar izlenir. Böylelikle hem yerel mevzuata uygun bir yapı oluşturulur hem de şirketin yasal statüsü tamamlanmış olur.</p>"
        },
        {
          "label": "Anonim",
          "title": "Yurt Dışında Anonim Şirket Kurmak",
          "content": "<p><strong>Özet:</strong> Yurtdışı şirket kurma türlerinden bir diğeri de anonim şirket kurmaktır.</p><p>Yurtdışı şirket kurma türlerinden bir diğeri de anonim şirket kurmaktır. Bu anonim şirket kurmak özellikle büyük ölçekli işletmeler için yaygın bir tercihtir. Çünkü anonim şirketler, genellikle büyük sermayeye sahip projelerde ve daha geniş pazarlarda faaliyet göstermek isteyen girişimciler için ideal bir yapıdır. Özellikle hissedarlarının yalnızca yatırdıkları sermaye ile sorumlu olması, büyük yatırımcıları çekmeye ve şirketin büyümesini desteklemeye yardımcı olur. Ayrıca anonim şirketler hisse senetlerinin serbestçe alınıp satılabilmesi sayesinde, dışarıdan sermaye ve yatırım almayı kolaylaştırır. Bu nedenle anonim şirket kurmak pek çok açıdan avantajlı görünmektedir. Son olarak size göre anonim şirket kurmak büyüme odaklı ve stratejik bir karar ise, kesinlikle tüm süreci profesyonel ve hatasız bir şekilde yürütmeye özen gösterin. Böylelikle daha iyi sonuçlar elde edebilirsiniz.</p>"
        },
        {
          "label": "Şahıs",
          "title": "Yurt Dışında Şahıs Şirketi Kurmak",
          "content": "<p><strong>Özet:</strong> Şahıs şirketi kurmak, bireysel girişimciler ve küçük ölçekli işletme sahipleri için en pratik ve ekonomik şirketleşme yollarından biridir.</p><p>Şahıs şirketi kurmak, bireysel girişimciler ve küçük ölçekli işletme sahipleri için en pratik ve ekonomik şirketleşme yollarından biridir. Şahıs şirketi kuruluşu, diğer şirket türlerine kıyasla çok daha kısa sürede ve düşük maliyetle tamamlanabilir. Çünkü genellikle tek bir kişinin girişimiyle kurulan bu yapıda şirket sahibi tüm yetkiye ve sorumluluğa sahiptir. Bu nedenle şahıs şirketi kuruluşu e-ticaret, el işi üretimi, yazılım geliştirme ve serbest meslek faaliyetlerinde bulunan kişiler için oldukça uygundur. Şahıs şirketi kuruluşu sırasında, vergi dairesine kayıt, meslek odası kaydı ve iş yeri adresi bildirimi gibi temel adımlar atılır. Asgari sermaye şartı olmaması, defter tutma işlemlerinin basitliği ve muhasebe giderlerinin düşük olması da şahıs şirketlerini cazip hale getiren unsurlardandır. ancak, şirket sahibi tüm mali yükümlülüklerden şahsi olarak sorumlu olduğu için bu yapı, riskli sektörler için her zaman en uygun tercih olmayabilir. Yine de başlangıç aşamasında maliyetleri minimumda tutmak isteyen girişimciler için şahıs şirketi kuruluşu ideal bir seçenektir.</p>"
        }
      ]
    },
    {
      "type": "accordion_rich",
      "title": "Kurulum Rehberi",
      "items": [
        {
          "title": "Şirket Kurma Süreci Ne Kadar Sürer?",
          "content": "<p><strong>Özet:</strong> Süre, ülkeye ve şirket türüne göre değişir; çoğu durumda 1 hafta ile 1 ay arası tamamlanır.</p><p>Nasıl şirket kurulur? sorusundan sonra en merak edilen soru Şirket Kurma Süreci Ne Kadar Sürer? sorusudur. Bu soruya net cevap vermek gerekirse eğer, Şirket kurma süresi, seçilen ülkeye, şirket türüne, yasal gerekliliklere ve başvuru işlemlerinin ne kadar hızlı tamamlandığına bağlı olarak değişiklik gösterdiğini söyleyebiliriz. Ancak genel olarak, şirket kurma süreci birkaç günden birkaç haftaya kadar sürebilir.</p><p>Örneğin, Türkiye&#x27;de bir limited şirket kurma süreci genellikle 5 ila 10 iş günü arasında tamamlanabilir. Öte yandan Amerika, İngiltere veya Dubai gibi ülkelerde şirket kurma süreci daha hızlı olabilirken Amerika&#x27;da Delaware veya Wyoming gibi eyaletlerde, uygun şartlar sağlandığında şirket kurma süreci birkaç gün içinde tamamlanabilir. Ancak Fransa veya Almanya gibi ülkelerde, bürokratik işlemler ve izinler süreci uzatabilir.</p><p>Sonuç olarak, şirket kurma süresi, tüm belgelerin eksiksiz hazırlanması ve başvuruların zamanında yapılması halinde genellikle 1 hafta ile 1 ay arasında değişen bir süreye yayılabilir. Bu süreyi etkileyen en önemli faktör ise ülkenin mevzuatları ve şirketin türüdür.</p>"
        },
        {
          "title": "Yurtdışı Şirket Kuruluşu İçin Gerekli Evraklar",
          "content": "<p><strong>Özet:</strong> Başvuru öncesi evrakları eksiksiz hazırlamak süreci hızlandırır ve ret riskini azaltır.</p><ul><li>Yurtiçi şirket kuruluşlarında olduğu gibi yurtdışı şirket kuruluşlarında da tamamlanması gereken belli başlı evraklar gerekir. Bahsi geçen bu evrakları detaylı şekilde incelememiz gerekirse;</li><li>Pasaport fotokopisi (geçerli ve noter tasdikli)</li><li>İkametgah belgesi veya adres kanıtı (örneğin: fatura, banka ekstresi)</li><li>Şirketin unvanı, faaliyet konusu, sermaye yapısı ve ortaklık oranlarını içeren sözleşme</li><li>İlgili ülkenin resmi dilinde hazırlanmış ve noter ya da konsolosluk onaylı</li><li>Bazı ülkelerde, seçilen şirket adının başka bir firma tarafından kullanılmadığını gösteren onay belgesi</li><li>Fiziksel bir adres veya sanal ofis sözleşmesi</li><li>Şirket müdürü veya direktörünün kimlik bilgileri ve adres beyanı</li><li>Gerekirse atanmış yöneticiye ait özgeçmiş veya yetki belgesi</li><li>Yatırılması planlanan sermaye tutarı ve banka dekontları</li><li>Bazı ülkelerde kuruluşa özel banka hesabı</li><li>Vergi kimlik numarası alınması için başvuru formu ve kimlik belgeleri</li><li>Şirketi temsile yetkili kişilerin imzalarını içeren resmi belge</li><li>Eğer belgeler Türkçe ise, yeminli tercümanlar tarafından çevrilmiş ve noter/konsolosluk onaylı belgeler</li></ul>"
        },
        {
          "title": "Yurtdışı Şirket Kuruluşunda Dikkat Edilmesi Gerekenler",
          "content": "<p><strong>Özet:</strong> Mevzuat, banka, vergi ve izin süreçleri önceden planlanmalıdır.</p><p><strong>Ülke Mevzuatı ve Vergi Analizi</strong>: Şirket kurmak istediğiniz ülkenin ticaret kanunları, vergi sistemi ve yabancı girişimcilere yönelik düzenlemeleri detaylı şekilde incelenmelidir. Özellikle vergi oranları, çifte vergilendirme anlaşmaları ve yıllık beyan zorunlulukları büyük önem taşır.</p><p><strong>Uygun Şirket Türü Seçimi</strong>: Kurulacak işletmenin faaliyet hacmine ve orta vadeli büyüme hedeflerine uygun bir şirket türü (örneğin: limited, anonim, şahıs şirketi) belirlenmelidir. Yanlış şirket tipi seçimi, ileride mali ve hukuki sorunlara yol açabilir.</p><p><strong>Şirket İsmi ve Marka Tescili</strong>: Seçilecek şirket isminin hedef ülkede daha önce tescillenmemiş olması gerekir. Ayrıca marka haklarını da güvence altına almak için gerekli tescil işlemleri erkenden başlatılmalıdır.</p><p><strong>Yerel Temsilci / Ortak Yükümlülükleri</strong>: Bazı ülkelerde yabancıların şirket kurabilmesi için yerel bir temsilci, direktör ya da ortak bulundurması zorunludur. Bu kişilerin sorumlulukları ve hukuki yükümlülükleri netleştirilmelidir.</p><p><strong>Banka Hesabı ve Sermaye Süreci</strong>: Şirketin resmi banka hesabı açılmalı ve zorunlu ise sermaye yatırımı yapılmalıdır. Bankacılık sistemlerinin karmaşık olduğu ülkelerde, bu işlem haftalar sürebilir.</p><p><strong>Raporlama ve Denetim Takvimi</strong>: Kurulan şirketin faaliyet göstermeye başladıktan sonra hangi dönemlerde mali raporlar sunması gerektiği ve zorunlu denetim şartları önceden öğrenilmelidir.</p><p><strong>Vize, Oturma ve Çalışma İzinleri</strong>: Şirket sahibi ya da yöneticisinin, o ülkede iş yapabilmesi için gerekli olabilecek vize, oturma veya çalışma izinlerine dair prosedürler kontrol edilmelidir.</p><p><strong>Profesyonel Danışmanlık Desteği</strong>: Yabancı bir ülkede iş kurmak karmaşık bir süreçtir. Bu nedenle deneyimli bir şirket kurma danışmanlığı firmasından destek almak, olası hataları en aza indirir ve süreci hızlandırır.</p>"
        },
        {
          "title": "Yurtdışında Şirket Kurmanın Avantajları Nelerdir?",
          "content": "<p><strong>Özet:</strong> Vergi, pazar erişimi ve rekabet avantajı ile sürdürülebilir büyüme desteklenir.</p><p><strong>Vergi Avantajı</strong>: Birçok ülke, yabancı yatırımcılara cazip vergi oranları sunarak, işletmelerin daha düşük vergi yükleriyle faaliyet göstermelerine olanak tanır. Örneğin, bazı ülkelerde vergi oranları düşük ya da belirli bir gelir eşiğinin altındaki işletmeler için vergi muafiyetleri uygulanmaktadır.</p><p><strong>Küresel Pazarlara Erişim</strong>: Yurtdışında şirket kurmak, dünya çapında pazarlara erişim imkanı sağlar. Bu sayede girişimciler, yeni pazarlara giriş yaparak küresel müşteri kitlesine ulaşabilirler. Ayrıca, özellikle Avrupa, Asya ve Amerika gibi büyük ticaret merkezlerinde şirket kurmak, geniş ticaret ağlarına katılma fırsatı yaratır.</p><p><strong>Düşük İşletme Maliyeti</strong>: Bazı ülkelerde, özellikle gelişmekte olan ülkelerde, işletme maliyetleri oldukça düşük olabilir. Ofis kirası, işgücü maliyetleri, vergi ve diğer işletme giderleri, yurtdışında daha uygun fiyatlarla sağlanabilir.</p><p><strong>Hukuki Güvence</strong>: Gelişmiş ülkelerde şirket kurmak, sağlam bir hukuki altyapı ve işletme dostu yasal düzenlemeler sayesinde işletmelerin güvenli bir ortamda faaliyet göstermelerini sağlar. Şirket sahipleri, yerel mevzuatlara uygun hareket ettiklerinde yüksek derecede hukuki koruma altında olurlar.</p><p><strong>Yatırım ve Sermaye Erişimi</strong>: Yurtdışında şirket kurmak, genellikle yabancı yatırımcılar için daha cazip hale gelir. Hisse senedi ve tahvil piyasalarının açık olduğu ülkelerde şirketler daha kolay sermaye artırabilir ve yatırım alabilirler. Ayrıca, bazı ülkeler startup şirketlere sağladığı teşviklerle iş kurmayı cazip kılar.</p><p><strong>Esnek Şirketleşme Modelleri</strong>: Yurtdışında birçok farklı şirket kurma tipi bulunur. Bu da girişimcilere, ihtiyaçlarına ve iş modeline en uygun şirket türünü seçme esnekliği sunar.</p><p><strong>Yaşam Kalitesi Avantajı</strong>: Bazı ülkelerde daha iyi yaşam koşulları, sağlık hizmetleri ve eğitim olanakları bulunur. Bu da hem şirket sahiplerinin hem de çalışanlarının yaşam kalitesini artırabilir.</p><p><strong>Rekabet ve Tedarik Zinciri Gücü</strong>: Yurtdışında kurulan bir şirket, yerel pazarda faaliyet gösteren firmalarla daha az rekabet etmek zorunda kalabilir. Ayrıca, yurtdışında kurulan şirketler genellikle küresel tedarik zincirlerine dahil olurlar ve bu da işlerini büyütme fırsatlarını artırır..</p>"
        }
      ]
    },
    {
      "type": "content_with_image",
      "title": "Popüler Ülkeler ve Şirketleşme Seçenekleri",
      "content": "<p>Yurt dışında şirket kurarken ülkelerin sunduğu avantajları dikkatli şekilde inceleyip karar vermek gerekir. Aşağıda en çok tercih edilen ülke seçeneklerini bulabilirsiniz.</p>",
      "image": "/assets/images/services/yurtdisi-sirket-kurma-countries.jpg",
      "image_position": "right"
    },
    {
      "type": "tabs_content",
      "title": "Ülkelere Göre Şirket Kurma Rehberi",
      "items": [
        {
          "label": "Amerika",
          "title": "Amerika’da Şirket Kurmak",
          "content": "<p>Amerika, iş yapma kolaylığı ve dünya pazarına açılma fırsatı açısından girişimciler için en cazip ülkelerden biridir. Özellikle Delaware, Wyoming ve Florida gibi eyaletler düşük vergi oranları, esnek şirket yapıları ve gizliliğe verdikleri önemle öne çıkar. Bu bağlamda Amerika’da şirket kurma sürecinde en yaygın şirket kurma türleri LLC (Limited Liability Company) ve Corporation’dur. By sebeple Her iki şirket türünde de eyaletlere göre değişen kayıt ve raporlama yükümlülükleri bulunur. Ayrıca, EIN (Employer Identification Number) alınması, banka hesabı açılması ve yıllık beyanname işlemlerinin zamanında yapılması gerekir.</p><p><a href=\"https://www.sistemglobal.com.tr/cozumlerimiz/ihracat-ve-uluslararasi-buyume/yurtdisinda-sirketlesme/#\" target=\"_blank\" rel=\"noreferrer\">Amerika&#x27;da Şirket Kurmak İçin Tıklayın</a></p>"
        },
        {
          "label": "İngiltere",
          "title": "İngiltere’de Şirket Kurmak",
          "content": "<p>İngiltere’de şirket kurmak, birçok girişimci için cazip bir seçenektir çünkü ülke, iş yapma kolaylığı ve sağlam bir hukuki altyapıya sahip bir pazar sunar. İngiltere’de Limited (LTD) şirket kurmak, düşük sermaye gereksinimi (minimum 1 GBP) ve basit yönetim yapısı ile girişimciler için büyük bir avantaj sağlar. Ayrıca, İngiltere&#x27;de şirket kurma işlemleri oldukça hızlıdır ve genellikle 24-48 saat içinde tamamlanabilir. Bu nedenle ingiltere’de şirket kurmak birçok kişi tarafından avantajlı olarak değerlendirilmektedir.</p><p><a href=\"https://www.sistemglobal.com.tr/cozumlerimiz/ihracat-ve-uluslararasi-buyume/ingiltere-sirket-kurulusu-hakkinda-her-sey/\" target=\"_blank\" rel=\"noreferrer\">İngiltere’de Şirket Kurmak İçin Tıklayın</a></p>"
        },
        {
          "label": "Estonya",
          "title": "Estonya’da Şirket Kurmak",
          "content": "<p>Estonya, e-Residency (dijital vatandaşlık) programıyla dikkat çeker. Bu program sayesinde dünyanın her yerinden girişimciler Estonya’da fiziksel olarak bulunmadan dijital ortamda şirket kurabilir. Aynı zamanda Estonya’daki vergi sistemi, kâr dağıtılmadığı sürece vergi ödememeyi mümkün kılar. Bu ayrıcalığıyla da pek çok büyük, küçük ve orta ölçekli girişimcinin tercih ettiği ülke konumunda olmasını sağlamıştır.</p><p><a href=\"https://www.sistemglobal.com.tr/raporlar/estonya-sirket-kurulusu-kilavuzu/\" target=\"_blank\" rel=\"noreferrer\">Estonya’da Şirket Kurmak İçin Tıklayın</a></p>"
        },
        {
          "label": "Hollanda",
          "title": "Hollanda’da Şirket Kurmak",
          "content": "<p>Hollanda, Avrupa’nın en güçlü ve istikrarlı ekonomilerinden biri olarak, yatırımcılar için son derece cazip bir iş ortamı sunmaktadır. Stratejik coğrafi konumu, gelişmiş lojistik altyapısı ve Avrupa Birliği üyeliği sayesinde, Hollanda, uluslararası ticaret, lojistik, teknoloji ve hizmet sektörlerinde faaliyet göstermek isteyen girişimciler için ideal bir merkezdir. Ülke, ayrıca yabancı yatırımcılar için şeffaf hukuki düzenlemeleri ve iş yapma kolaylığıyla bilinir. Hollanda’da en yaygın şirket türü Besloten Vennootschap (BV) yani Limited Şirket yapısıdır. Bu model, ortakların sorumluluğunu sermaye payları ile sınırlandırarak hem küçük hem de orta ölçekli işletmeler için güvenli bir yatırım ortamı sağlar. Daha büyük ölçekli yatırımlar veya halka açık şirketler için ise Naamloze Vennootschap (NV) yani anonim şirket modeli tercih edilmektedir. Şirket kurma süreci, Hollanda’da öncelikle şirketin ana sözleşmesinin hazırlanması ve noter onayı ile başlar. Ardından şirketin Ticaret Odası (Kamer van Koophandel – KvK) kaydı yapılır ve vergi numarası (BTW / VAT number) alınır. İşletmenin faaliyet göstereceği sektöre bağlı olarak, ek ruhsat veya izinlerin temin edilmesi gerekebilir.</p><p><a href=\"https://www.sistemglobal.com.tr/cozumlerimiz/ihracat-ve-uluslararasi-buyume/hollanda-sirket-kurulusu-hakkinda-bilmeniz-gerekenler/\" target=\"_blank\" rel=\"noreferrer\">Hollanda&#x27;da Şirket Kurmak İçin Tıklayın</a></p>"
        },
        {
          "label": "İtalya",
          "title": "İtalya’da Şirket Kurmak",
          "content": "<p>İtalya, Avrupa’nın en güçlü sanayi altyapılarından birine sahip olup; moda, otomotiv, gıda, turizm ve tasarım sektörlerindeki başarısıyla dünyanın önde gelen ekonomilerinden biridir. Bu özellikleriyle hem Avrupa içi hem de küresel pazarlarda yer almak isteyen girişimciler için cazip bir yatırım ortamı sunmaktadır. İtalya’da şirket kurmak isteyen yabancı yatırımcılar için süreç genel olarak şeffaf olsa da, belirli yasal prosedürlerin ve bürokratik adımların dikkatle takip edilmesi gerekir.</p><p>İtalya’da en yaygın şirket türlerinden biri Società a Responsabilità Limitata (SRL) olup, Türkiye’deki limited şirket yapısına benzer. Ayrıca, daha büyük ölçekli yatırımlar için Società per Azioni (SPA) modeli tercih edilebilir. SRL yapısı, ortakların kişisel sorumluluğunu sermaye paylarıyla sınırlayarak girişimcilere güvenli bir yatırım zemini sunar.</p><p>Şirket kuruluş süreci, ana sözleşmenin hazırlanması ve noter onayı ile başlar. Ardından kuruluş sermayesinin belirlenen banka hesabına yatırılması, şirketin Ticaret Siciline (Registro delle Imprese) kaydedilmesi ve vergi numarasının (Codice Fiscale) alınması gerekir. Ayrıca, şirket faaliyet alanına göre yerel belediyelerden veya sektörel kurumlarından lisans ve izinlerin temin edilmesi gerekebilir.</p><p><a href=\"https://www.sistemglobal.com.tr/raporlar/italya-ulke-kilavuzu/\" target=\"_blank\" rel=\"noreferrer\">İtalya’da Şirket Kurmak İçin Tıklayın</a></p>"
        },
        {
          "label": "Almanya",
          "title": "Almanya’da Şirket Kurmak",
          "content": "<p>Almanya, Avrupa&#x27;nın en büyük ekonomilerinden biri olarak, özellikle güçlü sanayi altyapısı, yüksek nitelikli iş gücü ve sağlam hukuki düzenlemeleri ile dikkat çeker. Almanya&#x27;da şirket kurma süreci, genellikle daha düzenli ve bürokratik bir yapıya sahiptir, ancak ülkenin ekonomik fırsatları ve sağlam pazar yapısı bu zorlukları dengelemektedir. Almanya&#x27;da en yaygın şirket türlerinden biri olan Gesellschaft mit beschränkter Haftung (GmbH), girişimciler için popüler bir tercihtir. GmbH, şirket sahiplerinin kişisel sorumluluğunu sınırlayarak, işletme risklerini azaltır. Ayrıca, şirket kuruluşunda belirli bir sermaye tutarı (min. 25.000 EUR) gereklidir. Bunların yanı sıra Almanya’da şirket kurmak için, ticaret siciline kayıt, vergi numarasının alınması ve yerel belediyelere bildirim yapılması gibi aşamalar takip edilmelidir.</p><p><a href=\"https://www.sistemglobal.com.tr/cozumlerimiz/ihracat-ve-uluslararasi-buyume/almanyada-sirket-kurulumu-icin-baslangic-rehberi/\" target=\"_blank\" rel=\"noreferrer\">Almanya’da Şirket Kurmak İçin Tıklayın</a></p>"
        },
        {
          "label": "Dubai",
          "title": "Dubai’de Şirket Kurmak",
          "content": "<p>Dubai, Orta Doğu&#x27;nun en hızlı büyüyen ekonomi merkezlerinden biri olarak, özellikle iş dostu ortamı, düşük vergi oranları ve modern altyapısı ile dikkat çeker. Dubai’de şirket kurma süreci, diğer bölgelere göre daha hızlı ve daha esnek olabilir. Bu nedenle de yabancı yatırımcılar için oldukça cazip fırsatlar sunan bir yer olup, özellikle Free Zone (serbest bölge) şirketleri büyük ilgi görmektedir. Bu bölgelerde şirket kurma süreci daha basitleştirilmiş ve çoğu zaman yerel ortaklık gereksinimi ortadan kaldırılmıştır.</p><p>Dubai&#x27;deki en yaygın şirket türlerinden biri olan Limited Liability Company (LLC) ve Free Zone şirketleridir. LLC, ortakların kişisel sorumluluğunu sınırlayarak iş risklerini azaltırken, Free Zone şirketleri, sıfır gelir vergisi ve kolay şirket sahipliği imkânı sunar.</p><p><a href=\"https://www.sistemglobal.com.tr/cozumlerimiz/ihracat-ve-uluslararasi-buyume/dubai-sirket-kurma-ve-ihracat-rehberi/\" target=\"_blank\" rel=\"noreferrer\">Dubai’de Şirket Kurmak İçin Tıklayın</a></p>"
        },
        {
          "label": "Kanada",
          "title": "Kanada’da Şirket Kurmak",
          "content": "<p>Kanada, Kuzey Amerika&#x27;nın en büyük ekonomilerinden biri olup, güçlü hukuk sistemi, yüksek yaşam standardı ve yatırım dostu ortamıyla girişimciler için cazip bir ülkedir. Kanada&#x27;da şirket kurma süreci, genellikle açık ve şeffaf olup, güçlü bir iş yapma altyapısına sahip olmasının yanı sıra, devletin küçük ve orta ölçekli işletmeleri desteklemesi de girişimciler için büyük bir avantaj sağlar. Bunun yanı sıra, Kanada&#x27;da şirket kurmak için en yaygın şirket türleri arasında Limited Liability Company (LLC) ve Incorporated (Inc.) yer almaktadır. Kanada&#x27;da şirket kurmak isteyen girişimciler, şirketin faaliyet göstereceği eyaletin ticaret siciline kayıt yaptırmak zorundadırlar. Bu süreç, oldukça sistematik ve hızlı olup, şirketin faaliyet göstereceği eyaletin yerel yönetmeliklerine göre değişiklik gösterebilir.</p><p><a href=\"https://www.sistemglobal.com.tr/cozumlerimiz/ihracat-ve-uluslararasi-buyume/yurtdisinda-sirketlesme/#\" target=\"_blank\" rel=\"noreferrer\">Kanada’da Şirket Kurmak İçin Tıklayın</a></p>"
        },
        {
          "label": "Özbekistan",
          "title": "Özbekistan’da Şirket Kurmak",
          "content": "<p>Özbekistan, son yıllarda hızla gelişen ekonomisi, geniş doğal kaynakları ve yatırımcı dostu reformlarıyla Orta Asya’nın en dikkat çeken ticaret merkezlerinden biri haline gelmiştir. Ekonomik istikrarı, düşük işletme maliyetleri ve stratejik konumu sayesinde hem bölgesel hem de uluslararası girişimciler için önemli fırsatlar sunmaktadır. Özellikle Çin, Rusya, Türkiye ve Avrupa pazarlarına yakınlığı, Özbekistan’ı yatırım açısından cazip bir merkez haline getirir. Ülkede en yaygın şirket türlerinden biri Mas’uliyati Cheklangan Jamiyat (MChJ), yani Limited Şirket yapısıdır. Bu model, Türkiye’deki limited şirket yapısına benzer şekilde ortakların sorumluluğunu koydukları sermaye ile sınırlandırır. Daha büyük yatırımlar veya ortaklık yapıları için Aksiyadorlik Jamiyati (AJ), yani anonim şirket tipi tercih edilebilir. Özbekistan’da şirket kurma süreci, şirketin ana sözleşmesinin hazırlanması ve noter tasdikiyle başlar. Ardından kuruluş sermayesinin belirlenen banka hesabına yatırılması, Devlet Vergi Komitesi’ne kayıt yapılması ve vergi numarasının (INN) alınması gerekir. Şirketin faaliyet göstereceği sektöre bağlı olarak, ilgili bakanlıklardan veya yerel yönetimlerden özel izin ve lisanslar alınabilir.</p><p><a href=\"https://www.sistemglobal.com.tr/raporlar/ozbekistan-ulke-kilavuzu/\" target=\"_blank\" rel=\"noreferrer\">Özbekistan’da Şirket Kurmak İçin Tıklayın</a></p>"
        },
        {
          "label": "Suudi Arabistan",
          "title": "Suudi Arabistan’da Şirket Kurmak",
          "content": "<p>Suudi Arabistan, Orta Doğu’nun en büyük ekonomisi ve dünyanın önde gelen enerji üreticilerinden biri olarak, son yıllarda hızla çeşitlenen ekonomik yapısıyla yatırımcılar için büyük fırsatlar sunmaktadır. “Vizyon 2030” programı kapsamında enerji dışı sektörlerin geliştirilmesi, yabancı yatırımların teşvik edilmesi ve özel sektörün güçlendirilmesi hedeflenmiştir. Bu kapsamda, Suudi Arabistan’da şirket kurmak isteyen girişimciler için hem güçlü bir pazar hem de modern altyapı olanakları mevcuttur. Ülkede en çok tercih edilen şirket türlerinden biri Limited Liability Company (LLC), yani Limited Şirket yapısıdır. Bu model, ortakların sorumluluğunu sermaye paylarıyla sınırlandırarak girişimciler için güvenli bir iş ortamı sağlar. Daha büyük ölçekli yatırımlar için ise Joint Stock Company (JSC), yani anonim şirket modeli tercih edilebilir. Suudi Arabistan’da şirket kurma süreci, öncelikle Yatırım Bakanlığı (MISA)’dan yatırım lisansının alınmasıyla başlar. Ardından şirket sözleşmesinin hazırlanması, noter onayı, ticaret siciline kayıt ve vergi numarasının (TIN) alınması gibi aşamalar takip edilir. Ayrıca, şirketin faaliyet göstereceği sektöre göre özel izinler veya belediye ruhsatları gerekebilir. Yabancı yatırımcılar için ülke genelinde birçok avantaj sunulmaktadır. Bunlar arasında vergi teşvikleri, mülkiyet haklarında kolaylıklar, serbest bölgelerde ticari avantajlar ve yüksek altyapı standartları yer alır. Ayrıca dijital dönüşüm ve inovasyona yapılan yatırımlar sayesinde, iş kurma süreçleri giderek daha hızlı ve erişilebilir hale gelmiştir.</p><p><a href=\"https://www.sistemglobal.com.tr/raporlar/suudi-arabistan-ulke-kilavuzu/\" target=\"_blank\" rel=\"noreferrer\">Suudi Arabistan’da Şirket Kurmak İçin Tıklayın</a></p>"
        },
        {
          "label": "Kazakistan",
          "title": "Kazakistan’da Şirket Kurmak",
          "content": "<p>Kazakistan, Orta Asya’nın en büyük ekonomisi olarak bölgesel ticaretin, enerji üretiminin ve yabancı yatırımların merkezi konumundadır. Zengin doğal kaynakları, gelişen sanayi altyapısı ve uluslararası ticarete açık politikaları sayesinde, girişimciler için hem istikrarlı hem de yüksek potansiyelli bir iş ortamı sunmaktadır. Çin, Rusya ve Avrupa pazarlarına olan stratejik yakınlığı, Kazakistan’ı bölgesel yatırımlar açısından cazip bir merkez haline getirmektedir. Ülkede en yaygın şirket türü ЖШС (TOO), yani Limited Şirket (Limited Liability Partnership - LLP) yapısıdır. Bu model, ortakların sorumluluğunu sermaye paylarıyla sınırlandırarak hem yerel hem de yabancı yatırımcılara güvenli bir yatırım ortamı sağlar. Daha büyük sermayeli veya halka açık yatırımlar için ise Joint Stock Company (JSC), yani anonim şirket modeli tercih edilmektedir. Kazakistan’da şirket kurma süreci, şirketin ana sözleşmesinin hazırlanması ve noter tasdiki ile başlar. Ardından kuruluş sermayesinin yatırılması, şirketin Ulusal İşletme Siciline (Business Identification Number - BIN) kaydedilmesi, vergi dairesine bildirilmesi ve gerekli izinlerin alınması adımları takip edilir. Şirketin faaliyet göstereceği sektöre bağlı olarak, bazı durumlarda ek ruhsat ve lisans başvuruları da gerekebilir. Yabancı yatırımcılar için Kazakistan hükümeti tarafından çeşitli teşvikler sunulmaktadır. Serbest ekonomik bölgelerde faaliyet gösteren şirketler, vergi indirimleri, gümrük muafiyetleri ve arazi tahsisi gibi avantajlardan yararlanabilirler. Ayrıca ülke, dijitalleşme ve sürdürülebilir kalkınma politikalarıyla iş yapma süreçlerini giderek daha hızlı ve kolay hale getirmektedir.</p><p><a href=\"https://www.sistemglobal.com.tr/raporlar/kazakistan-ulke-kilavuzu/\" target=\"_blank\" rel=\"noreferrer\">Kazakistan’da Şirket Kurmak İçin Tıklayın</a></p>"
        },
        {
          "label": "İrlanda",
          "title": "İrlanda’da Şirket Kurmak",
          "content": "<p>İrlanda, Avrupa Birliği üyesi olması, düşük kurumlar vergisi oranı ve uluslararası ticarete açık yapısıyla, yabancı yatırımcılar için en cazip ülkelerden biridir. Güçlü finans sektörü, teknoloji odaklı ekonomisi ve İngilizce konuşulan bir ülke olması, İrlanda’yı Avrupa’da iş kurmak isteyen girişimciler için stratejik bir merkez haline getirmektedir. Özellikle Google, Meta, Apple ve Microsoft gibi dev şirketlerin Avrupa merkezlerini burada konumlandırması, ülkenin yatırımcı dostu ekosisteminin en önemli göstergesidir. İrlanda’da en yaygın şirket türü Private Company Limited by Shares (LTD) yani Limited Şirket modelidir. Bu yapı, ortakların sorumluluğunu koydukları sermaye ile sınırlandırarak hem küçük hem de orta ölçekli işletmeler için güvenli bir kuruluş modeli sunar. Daha büyük ölçekli yatırımlar için ise Public Limited Company (PLC), yani anonim şirket modeli tercih edilmektedir. Şirket kurma süreci, şirketin ana sözleşmesinin hazırlanması ve Companies Registration Office (CRO) üzerinden tescil edilmesiyle başlar. Ardından vergi numarası (Tax Reference Number) alınır ve eğer çalışan istihdam edilecekse sosyal güvenlik kayıtları (PAYE/PRSI) tamamlanır. Ayrıca, faaliyet gösterilecek sektöre bağlı olarak belirli ruhsat ve izin süreçleri de gerekebilir.</p><p><a href=\"https://www.sistemglobal.com.tr/raporlar/irlanda-sirket-kurulusu-kilavuzu/\" target=\"_blank\" rel=\"noreferrer\">İrlanda’da Şirket Kurmak İçin Tıklayın</a></p>"
        },
        {
          "label": "Bulgaristan",
          "title": "Bulgaristan’da Şirket Kurmak",
          "content": "<p>Bulgaristan, Avrupa Birliği üyesi olması, düşük işletme maliyetleri ve stratejik coğrafi konumuyla girişimciler için cazip bir yatırım ortamı sunmaktadır. Ülke, Balkanlar ve Avrupa pazarına kolay erişim imkânı sağlayarak hem yerel hem de uluslararası ticaret yapmak isteyen işletmeler için avantajlı bir merkezdir. Ayrıca düşük kurumlar vergisi ve yatırım teşvikleri, Bulgaristan’ı girişimciler için finansal açıdan çekici kılmaktadır. Bulgaristan’da en yaygın şirket türü Дружество с ограничена отговорност (OOD) yani Limited Şirket yapısıdır. Bu yapı, ortakların sorumluluğunu koydukları sermaye ile sınırlandırarak hem küçük hem de orta ölçekli işletmeler için güvenli bir yatırım ortamı sağlar. Daha büyük yatırımlar veya halka açık şirketler için Акционерно дружество (AD) yani anonim şirket modeli tercih edilmektedir. Şirket kurma süreci, şirketin ana sözleşmesinin hazırlanması, noter tasdiki ve Ticaret Sicili (Commercial Register) kaydı ile başlar. Ardından vergi numarası (VAT number) alınır ve banka hesabı açılarak işletmenin faaliyetlerine başlanabilir. Faaliyet gösterilecek sektöre bağlı olarak, ek ruhsat ve izinlerin temin edilmesi de gerekebilir.</p><p><a href=\"https://www.sistemglobal.com.tr/cozumlerimiz/ihracat-ve-uluslararasi-buyume/bulgaristanda-sirket-kurmak/\" target=\"_blank\" rel=\"noreferrer\">Bulgaristan’da Şirket Kurmak İçin Tıklayın</a></p>"
        },
        {
          "label": "Polonya",
          "title": "Polonya’da Şirket Kurmak",
          "content": "<p>Polonya’da şirket kurmak isteyenler için en yaygın ve uygun model limited şirket (sp. z o.o.) olup, minimum 5.000 PLN sermaye, bir ortak ve Polonya’da kayıtlı bir adres gereklidir. Şirket kuruluşu çevrimiçi olarak KRS (Ulusal Mahkeme Sicili) üzerinden yapılabilir; yabancılar vekaletnameyle uzaktan da kurulum gerçekleştirebilir. Tüm belgeler Lehçe olmalı veya noter onaylı tercüme sunulmalıdır. Kurumsal vergi oranı genellikle %19, KDV ise %23’tür. Polonya, Avrupa Birliği üyesi olduğundan AB pazarına erişim avantajı sunar; ancak oturma veya çalışma izni şirket kuruluşuyla otomatik olarak alınmaz. Profesyonel muhasebe ve hukuki destek süreci hızlandırır ve hataları önler.</p><p><a href=\"https://www.sistemglobal.com.tr/cozumlerimiz/ihracat-ve-uluslararasi-buyume/polonyada-sirket-kurmak/\" target=\"_blank\" rel=\"noreferrer\">Polonya’da Şirket Kurmak İçin Tıklayın</a></p>"
        }
      ]
    },
    {
      "type": "accordion_rich",
      "title": "Maliyet, Fayda ve Operasyonel Yapı",
      "items": [
        {
          "title": "Yurt Dışında Şirket Kurma Maliyetleri",
          "content": "<p><strong>Özet:</strong> Yurt Dışında Şirket Kurma Maliyetleri, şirketin kurulacağı ülkeye, seçilen şirket türüne, yerel mevzuata ve ek hizmetlere bağlı olarak büyük farklılıklar gösterebilir.</p><p>Yurt Dışında Şirket Kurma Maliyetleri, şirketin kurulacağı ülkeye, seçilen şirket türüne, yerel mevzuata ve ek hizmetlere bağlı olarak büyük farklılıklar gösterebilir. Örneğin; Amerika, İngiltere, Estonya veya Dubai gibi popüler lokasyonlarda şirket kurmak isteyen girişimciler için, ilk etapta ödenmesi gereken harçlar, noter ve yeminli tercüme ücretleri, ticaret sicili kayıt harçları, yasal temsilci veya yerel direktör ücretleri gibi kalemler bulunmaktadır. Buna ek olarak banka hesabı açılışı, vergi numarası alınması, muhasebe hizmetleri, sanal ofis veya fiziksel ofis kiralama giderleri de toplam maliyetlere etki eder. Bazı ülkelerde ise sermaye şartı aranmaz iken, bazı ülkelerde minimum sermaye tutarının banka hesabına yatırılması zorunludur. Ayrıca, şirket kurma danışmanlık hizmeti de alınıyorsa, bu hizmetin kapsamına göre ücretler değişkenlik gösterebilir. Dolayısıyla yurt dışında şirket kurma maliyetlerini netleştirmek için hedef ülkenin şartlarına göre detaylı bir fizibilite yapılması gerekir.</p>"
        },
        {
          "title": "Şirket Kurma Danışmanlığının Faydaları ve Katkıları",
          "content": "<p><strong>Özet:</strong> Şirket kurma danışmanlığının faydaları ve katkıları, girişimcilerin iş kurma sürecinde karşılaşabilecekleri yasal, mali ve bürokratik engelleri en aza indirerek sürecin daha hızlı, güvenli ve sorunsuz ilerlemesini sağlamasıyla öne çıkar.</p><p>Şirket kurma danışmanlığının faydaları ve katkıları, girişimcilerin iş kurma sürecinde karşılaşabilecekleri yasal, mali ve bürokratik engelleri en aza indirerek sürecin daha hızlı, güvenli ve sorunsuz ilerlemesini sağlamasıyla öne çıkar. Özellikle yurtiçi veya yurtdışında şirket kurmak isteyen bireyler için karmaşık mevzuatların doğru şekilde yorumlanması ve gerekli belgelerin eksiksiz hazırlanmasını sağlayan şirket kurma danışmanlığı, aynı zamanda girişimcilere zaman kazandırır ve olası hataların önüne geçer.</p><p>Bahsi geçen bu şirket kurma danışmanlığı hizmeti sayesinde şirket türü seçiminden, faaliyet alanına uygun lisansların temin edilmesine; banka hesabı açılışından, vergi numarası alınmasına kadar tüm süreçler profesyonelce yürütülür.Ayrıca danışmanlık firmaları, yerel ve uluslararası vergi avantajları, teşvik programları, ihracat destekleri gibi stratejik bilgiler sunarak girişimcilerin daha bilinçli kararlar almasına katkıda bulunur. Bu nedenle şirket kurma danışmanlığı sadece bir rehberlik hizmeti değil, aynı zamanda uzun vadeli başarının temelini atan önemli bir yatırımdır.</p>"
        },
        {
          "title": "Neden Yapılır? Avantajları Nelerdir?",
          "content": "<p><strong>Özet:</strong> Firmaların sürdürülebilir büyümeyi yakalayabilmesi için olabildiğince farklı pazarlarda varlığını sürdürmesi günümüzün en önemli gerekliliklerdendir.</p><p>Firmaların sürdürülebilir büyümeyi yakalayabilmesi için olabildiğince farklı pazarlarda varlığını sürdürmesi günümüzün en önemli gerekliliklerdendir. Gelir çeşitliliğini arttırmış firmalar Pazar bağımlılığını azaltmakla kalmayacak buna ek hali hazırda varlığını sürdürdüğü Pazar içerisinde oluşabilecek olumsuz durumları diğer pazarlar ile kapatabilme imkanına sahip olacaktır. İhracat Geliştirme Danışmanlığı; ihracatını belli ülkelerde, belli bir kapasiteye ulaştırmış firmaların yeni pazarlara açılmasını sağlayarak olan ihracat gelirlerini çeşitlendirmesini sağlar. Bunlara ek olarak hali hazırda varlığını sürdürdüğü pazarlarda ihracat hacminin büyümesini de sağlayarak toplam ihracat miktarını arttırılmasını sağlar.</p>"
        },
        {
          "title": "Sistem Global ve Yurtdışı Şirket Kurma Danışmanlığı",
          "content": "<p><strong>Özet:</strong> Müşterilerimize operasyonel destek vererek yurt dışında yapılanma süreçlerini hızlandırmak ve güvenilir bir şekilde devamlılıklarını sağlamak için aşağıdaki konularda hizmet veriyoruz:Şirket KurulumuLokal direktör atamaSanal ofis adresi ve posta yönetimiBanka hesabı açılım desteğiMuhasebe ve Vergi HizmetleriBordrolama HizmetleriRisk ve Mevzuat Yönetimi Danışmanlığı.</p><p>Müşterilerimize operasyonel destek vererek yurt dışında yapılanma süreçlerini hızlandırmak ve güvenilir bir şekilde devamlılıklarını sağlamak için aşağıdaki konularda hizmet veriyoruz:</p><ul><li>Şirket Kurulumu</li><li>Lokal direktör atama</li><li>Sanal ofis adresi ve posta yönetimi</li><li>Banka hesabı açılım desteği</li><li>Muhasebe ve Vergi Hizmetleri</li><li>Bordrolama Hizmetleri</li><li>Risk ve Mevzuat Yönetimi Danışmanlığı</li></ul>"
        }
      ]
    },
    {
      "type": "cta_box",
      "title": "Global Pazarlara Güvenle Açılın",
      "description": "Yurtdışı şirket kurma süreçlerinizi hızlandırmak ve doğru stratejiyle ilerlemek için uzmanlarımızla görüşün.",
      "button_text": "Hemen İletişime Geçin",
      "secondary_button": "Detaylı Bilgi Alın"
    }
  ]
}