{"slug": "vergi-yonetim-danismanligi", "category_slug": "vergi-finans", "category_name": "Vergi", "title": "Vergi Yönetim Danışmanlığı", "title_highlighted": "Yönetim Danışmanlığı", "hero_image": "/vergi-yonetim-hero.webp", "youtube_id": "", "content_json": {"sections": [{"type": "text", "title": "Vergi Yönetim Danışmanlığı Nedir?", "content": "<p>Vergi mevzuatı, gerçek ve tüzel kişilerin vergi yükümlülüklerini belirleyen ve bu yasal süreci düzenleyen kuralların bütününe denir. Birçok temel yasayı içerisinde barındıran bu mevzuatı temelde ; Vergi Usul Kanun, Gelir Vergisi ve Kurumlar Vergisi Kanunu ve Harcama Üzerinden Alınan Vergiler ile Diğer Vergi Kanunlarından oluşmaktadır. Türkiye Cumhuriyeti içerisinde Gelir Vergisi Kanunda sayılan 7 gelir unsurunu kapsayan gerçek kişileri ve kurumlar vergisi kanunun da mükellefiyet türleri tahdidi olarak sıralanan tüzel kişileri kapsayan vergi mevzuatı, kriterlere göre tam mükellef ve dar mükellef olarak sınıflandırılmaktadır. Bu bağlamda vergi kanunu mevzuat sürecine uyum sağlanması yasal güvenliğinizi oluşturarak vergisel risklerden korunmayı ve sağlıklı finansal büyümenin gerçekleşmesini sağlamaktadır.</p>"}, {"type": "image_text", "layout": "right", "title": "Vergi Planlaması Nasıl Yapılır? ve Kimler için Gereklidir?", "content": "<p>Vergi planlaması küçük veya büyük ölçekli fark etmeksizin birçok işletmenin merak ettiği ve araştırdığı önemli konulardan biridir. Çünkü vergi planlaması vergi mevzuatı ve uygulamaları izin verdiği kadar süreci yasalara uygun bir şekilde yönetmektir. Süreci yönetirken yasal düzenlemelere uygun hareket etmek, vergi risklerini en aza indirmek ve mali avantajlardan yararlanmak isteyen şirketler ve müteşebbisler için gerekli bir süreçtir. Peki vergi planlaması süreci nasıl yapılır? merak ediyorsanız, şu şekilde olduğunu söyleyebiliriz;<br>Uzmanlık gerektiren vergi planlaması öncelikle mükellef türünün tespiti ile başlamaktadır. Çünkü her grubun vergi oranları farklıdır ve süreci doğru yönetebilmek için hangi mükellef olduğu tespit edilmelidir. Daha sonra gelir ve gider analizi yapılarak hangi vergiye tabi olduğu belirlenir. Böylelikle güncel vergi mevzuatı göz önünde bulundurularak vergi incelemelerinde uyulacak usul ve esaslar hakkında yönetmelik değerlendirilir. Ardından vergisel avantajların kullanımı da planlamaya dahil edilerek beyannameler ödeme tarihlerine uygun olacak şekilde planlanır. Sonrasında detaylı analiz ile başlayan ve devam eden vergi planlama süreci, yasalara uygun yapılarak ceza riskleri ortadan kaldırılır</p> <p>Detaylı bilgi almak için formu doldurun size ulaşalım<br><br></p> Çözümler Formu Notify Ad Soyad Bulunduğunuz İl - Seçiniz - ADANA ADIYAMAN AFYONKARAHİSAR AĞRI AKSARAY AMASYA ANKARA ANTALYA ARDAHAN ARTVİN AYDIN BALIKESİR BARTIN BATMAN BAYBURT BİLECİK BİNGÖL BİTLİS BOLU BURDUR BURSA ÇANAKKALE ÇANKIRI ÇORUM DENİZLİ DİYARBAKIR DÜZCE EDİRNE ELAZIĞ ERZİNCAN ERZURUM ESKİŞEHİR GAZİANTEP GİRESUN GÜMÜŞHANE HAKKÂRİ HATAY IĞDIR ISPARTA İSTANBUL İZMİR KAHRAMANMARAŞ KARABÜK KARAMAN KARS KASTAMONU KAYSERİ KİLİS KIRIKKALE KIRKLARELİ KIRŞEHİR KOCAELİ KONYA KÜTAHYA MALATYA MANİSA MARDİN MERSİN MUĞLA MUŞ NEVŞEHİR NİĞDE ORDU OSMANİYE RİZE SAKARYA SAMSUN ŞANLIURFA SİİRT SİNOP SİVAS ŞIRNAK TEKİRDAĞ TOKAT TRABZON TUNCELİ UŞAK VAN YALOVA YOZGAT ZONGULDAK Firma adı E-Posta Telefon <button type=\"button\" class=\"iti__selected-country\" aria-expanded=\"false\" aria-label=\"Selected country\" aria-haspopup=\"true\" aria-controls=\"iti-0__dropdown-content\" role=\"combobox\" title=\"Turkey: +90\"> Turkey +90 </button> 1 result found <ul class=\"iti__country-list\" id=\"iti-0__country-listbox\" role=\"listbox\" aria-label=\"List of countries\"><li id=\"iti-0__item-tr\" class=\"iti__country iti__highlight\" tabindex=\"-1\" role=\"option\" data-dial-code=\"90\" data-country-code=\"tr\" aria-selected=\"false\"> Turkey +90 </li></ul> Mesajınız Aydınlatma metnini okudum ve anladım. Sistem Global bültenine kayıt olmayı kabul ediyorum. <button type=\"submit\" class=\"ff-btn ff-btn-submit ff-btn-lg ff_btn_style\" aria-label=\"Gönder\">Gönder</button> <p></p>", "image": "/vergi-planning.webp"}, {"type": "text", "title": "Vergi Yönetim Danışmanlığı Kapsamında Sağlanan Hizmetler", "content": "<p>Vergi yönetim danışmanlığı kapsamında sağlanan hizmetler sürecin planlı ve indirimlerden ve avantajlardan yararlanılmasını sağlayarak beraberinde vergi risklerini en aza indirmeyi ve uzun vadede başarıya katkı sağlamaktadır. Bu kapsam doğrultusunda sunulan hizmetler şu şekildedir;</p> Vergi Planlaması <p>Mükelleflerin gelir, gider ve yatırım kalemlerini vergi mevzuatı sürecine uygun ve en avantajlı bir şekilde yapılandırılmasına vergi planlaması denir. Bu planlamanın doğru ve eksiksiz gerçekleşmesi gelir vergisinden kaçınma yerine yasal indirimlerin ve avantajların kullanılmasını sağlamaktadır.</p> Vergi Mevzuatına Uyum <p>Güncel vergi mevzuatı sürecine uyum vergilerin düzenlenmesi sektörel vergi incelemesi ve vergi risklerinin önüne geçmesini sağlamaktadır. Vergi mevzuatı yasal sürece uyumlu olduğu süreçte mükelleflerin vergi yükümlülüklerini eksiksiz ve en doğru şekilde yerine getirmesi amaçlanmaktadır.</p> Vergi Risk Yönetimi <p>Vergi risk yönetiminde inceleme riski taşıyan işlemler tespit edilerek olası riskleri önlemek amaçlı iç denetimler gerçekleşir. Şirketin sektörel vergi uyumu analiz edilerek olası vergi cezası ile karşılaşmamak için gerekli önlemler alınarak vergi risk yönetimi gerçekleştirilir.</p> Transfer Fiyatlandırması <p>Transfer fiyatlandırması raporlaması uluslararası işlemler sürecinde zorunludur ve bu sürecin mevzuata uygun olması ve OECD standartlarına uygun fiyat politikasını oluşturması gerekir.</p> Çifte Vergilendirme Anlaşmaları <p>Çifte vergilendirme yurt dışında gelir elde edenler için ciddi risk unsuru oluşturmaktadır. Çifte vergilendirme anlaşmaları ile aynı kazanç üstünden fazla vergi ödenmesini korur.</p> Vergi Optimizasyonu <p>Yasar sınırlar içerisinde vergi avantajlarından en üst düzeyde kullanılmayı hedefleyen vergi optimizasyonu, gider kalemleri, teşvikler, istisnalar ve yeniden yapılanma kararları kapsamında değerlendirilmektedir.</p> <p>Bu hizmetler, işletmelerin vergi yükümlülüklerini etkin bir şekilde yönetmelerine, mevzuata uyum sağlamalarına ve vergi maliyetlerini minimize etmelerine yardımcı olur.</p>", "bg_color": "bg-gray-50"}, {"type": "image_text", "layout": "left", "title": "Vergi İncelemesi Nedir? Hangi Durumlarda Başlatılır?", "content": "<p>Vergi incelemesi, vergi usul kanunu kapsamında mükelleflerin vergi incelemelerinde uyulacak usul ve esaslar hakkında yönetmelik sürecini yerine getirip getirmediğini denetlemektedir. Burada temel amaç beyan edilen gelirin, matrahın ve ödenen vergilerin doğru olup olmadığını tespit etmektir. Çünkü vergi inceleme yönetmeliği mükelleflere göre farklı yöntemler içerir ve bu süreci sektörel vergi incelemesi ile yürütmektedir. <br> Vergi inceleme süreci herhangi bir şüphe ya da risk görüldüğü veya sektörel bazda inceleme kararı alındığı takdirde başlatılır. Vergi incelemesi sürecinin başlatılması ve en doğru şekilde yürütülmesi için gelir ve gider tutarsızlığın olmaması, teşvik uygulamalarından fazladan yararlanılmaması, şüpheli finansal işlemlerde bulunulmaması ve tek düzen hesap planına aykırı hesaplar kullanılmaması gerekir. Tabi bunlarla beraber KDV veya vergi iadesi talepleri, dar mükellefiyet ve yurt dışı işlemleri de vergi inceleme sorgulama sürecine tabi tutulabilir. <br> Vergi mevzuzatına uyulduğu takdirde vergi incelemesi süreci çok daha sağlıklı ilerleyecektir. Aynı zamanda vergi inceleme danışmanlığı ile bu süreci yasal süreçlere uygun yürütülmesine ve vergi incelemesine sebep olabilecek durumların önüne geçmesine yardımcı olacaktır.</p>", "image": "/vergi-audit.webp"}, {"type": "text", "title": "Gelir Vergisi Mevzuatı Son Yıllarda Hangi Değişikliklere Uğradı?", "content": "<p>Gelir vergisi mevzuatı sürekli değişen sosyal ihtiyaçlar ve ekonomik krizler sonucu son yıllarda bazı değişikliklere uğraşmıştır. Gerçekleşen bu değişiklikler mali planlamayı doğrudan etkilediği gibi bazı güncellemelere de sebep olmuştur. Peki gelir vergisi mevzuatı son yıllarda hangi değişiklere uğradı? merak ediyorsanız şu şekildedir;</p> <ul> <li aria-level=\"1\"> <b>Gelir Vergisi Tarifelerinde Yeni Dilimler: </b> Son yıllarda gerçekleşen baskılar sonucu gelir vergisi tarifeleri değişerek %15 ile başlayan vergi oranı %20, %27, %35 ve yüksek gelir grupları için %40’a kadar yeni dilimler kademelendirilmiştir. </li> </ul> <ul> <li aria-level=\"1\"> <b>Asgari Ücret ve Ücret Gelirlerinde Vergi Muafiyeti: </b> 2022 yılında yürürlüğe giren bu vergi muafiyeti ile hem işveren hem de çalışanı doğrudan etkileyen bu değişiklik ile asgari ücret gelir ve damga vergisinden muaf tutulmuştur. </li> </ul> <ul> <li aria-level=\"1\"> <b>Beyanname Verme Zorunluluğu Genişledi: </b> Birden fazla gelire sahip olanların beyanname verme yükümlülüğü genişletilerek çeşitli değişiklikler yapılmıştır. </li> </ul> <ul> <li aria-level=\"1\"> <b>Finansal Bilgilerin Uluslararası Paylaşımı (CRS): </b> Yurt dışı finansal bilgilerin Türkiye ile paylaşılması sonucunda Türk vatandaşları gelir vergisi kapsamında etkileyen bir faktör oldu. </li> <li aria-level=\"1\"> <b>Genç Girişimcilere Vergi İstisnası: </b> Vergi teşvikleri daha ulaşılabilir bir hale gelerek 29 yaş altı genç girişimler için 3 yıl süreyle gelir vergisi muafiyeti getirilmiştir. Bu değişiklikler yükümlülükleri doğrudan etkilemekle beraber vergi planlamasını da güncel mevzuata uygun bir şekilde yapılandırılmasını zorunlu kılmaktadır. </li> </ul>"}, {"type": "text", "title": "Vergi Yönetim Danışmanlığı İşletmenize Ne Kazandırır?", "content": "<p>Vergi Yönetim Danışmanlığı hizmeti alan bir işletme, vergi teşvikleri ve indirimlerden maksimum düzeyde yararlanarak vergi maliyetlerini azaltır, vergi mevzuatına tam uyum sağlayarak cezai yaptırımlardan kaçınır ve doğru, zamanında vergi beyannameleriyle mali güvenilirliğini artırır. Ayrıca, vergi risklerinin etkin yönetimi ve finansal planlamanın iyileştirilmesi sayesinde mali sürdürülebilirliğini ve rekabet gücünü güçlendirir. Bu kapsamda, başlıca kazanımlar şunlardır:</p> Vergi Maliyetlerinin Azaltılması <ul class=\"mfn-list mfn-list-left mfn-list-top\"><li class=\"mfn-list-item\" style=\"counter-set:my-sec-counter 0\"> Vergi teşvikleri, indirimler ve muafiyetlerden en iyi şekilde yararlanarak vergi yükünü azaltır. </li><li class=\"mfn-list-item\"> Etkili vergi planlaması ile optimum seviyeye erişilir. </li></ul> Mevzuat Uyumunun Sağlanması: <ul class=\"mfn-list mfn-list-left mfn-list-top\"><li class=\"mfn-list-item\" style=\"counter-set:my-sec-counter 0\"> Vergi mevzuatına tam uyum sağlanır, böylece cezai yaptırımlar ve yasal sorunlarla karşılaşma riski azalır. </li><li class=\"mfn-list-item\"> Mevzuattaki değişikliklere hızlı ve doğru şekilde uyum sağlanır. </li></ul> Vergi Risklerinin Yönetimi <ul class=\"mfn-list mfn-list-left mfn-list-top\"><li class=\"mfn-list-item\" style=\"counter-set:my-sec-counter 0\"> Potansiyel vergi riskleri belirlenir ve yönetilir. </li><li class=\"mfn-list-item\"> Vergi cezaları ve uyumsuzluk riskleri minimize edilir. </li></ul> Transfer Fiyatlandırması ve Uluslararası Vergi Danışmanlığı <ul class=\"mfn-list mfn-list-left mfn-list-top\"><li class=\"mfn-list-item\" style=\"counter-set:my-sec-counter 0\"> Grup içi işlemler için uygun transfer fiyatlandırma politikaları oluşturulur </li><li class=\"mfn-list-item\"> Uluslararası vergi yükümlülükleri etkin bir şekilde yönetilir ve çifte vergilendirme önlenir. </li></ul> Vergi Optimizasyonu <ul class=\"mfn-list mfn-list-left mfn-list-top\"><li class=\"mfn-list-item\" style=\"counter-set:my-sec-counter 0\"> İşletmenin vergi yükünü azaltmak için stratejik planlar ve çözümler geliştirilir. </li><li class=\"mfn-list-item\"> Vergi etkinliği sağlamak için kurumsal yapılandırmalar değerlendirilir. </li></ul>"}, {"type": "text", "title": "Vergi İncelemesi Sorgulama İşlemi Nasıl Yapılır?", "content": "<p>Tarafınıza herhangi bir vergi incelemesi başlatıldığı takdirde vergi incelemesi sorgulama işlemi ile bu sürecin durumunu öğrenebilir veya herhangi bir vergi işlemi başlatılıp başlatılmadığı ister GİB üzerinden dijital yollarla ister vergi dairelerinden sorgulayarak kontrol edebilirsiniz. Böylelikle GİB vergi mevzuatı ile vergi incelemesi ve sorgulama süreçlerini takip edebilir ve yürütebilirsiniz.</p>"}, {"type": "text", "title": "Vergi İncelemelerinde Uyulacak Usul ve Esaslar Nelerdir?", "content": "<p>Vergi incelemelerinde uyulacak usul ve esaslar hakkında yönetmelik Vergi Usul Kanunu tarafından açıkça belirtilerek yükümlü kılmıştır. Bu süreçte yükümlülüklerin yerine getirip getirilmediğini denetleyen ve resmi olan vergi incelemelerine uyulacak usul ve esaslar aşağıdaki gibidir:</p> <ul> <li aria-level=\"1\"> <b>İncelemenin Başlatılması ve Bildirimi: </b> Vergi incelemesinin başlatılması için mükellefin yazılı olarak inceleme yazısının e-Tebligat, fiziği tebligat veya elden teslim olarak yapılarak tebliğ tarihi ile mükellef inceleme sürecine resmi olarak dahil olmaktadır. </li> </ul> <ul> <li style=\"list-style-type: none;\"> <ul> <li style=\"font-weight: 400;\" aria-level=\"1\"> <b>İnceleme Yetkisi ve Denetim Elemanları:</b> İnceleme yetkisini haiz kişiler 213 sayılı Vergi Usul Kanununun 135’inci maddesine göre “Vergi Müfettişleri, Vergi Müfettiş Yardımcıları, ilin en büyük mal memuru veya vergi dairesi müdürleri tarafından yapılır. Gelir İdaresi Başkanlığının merkez ve taşra teşkilatında müdür kadrolarında görev yapanlar her hal ve takdirde vergi inceleme yetkisini haizdir.” ve bu işlemi yaparken kimlik belgelerini ibraz etmeleri gerekmektedir. </li> </ul> </li> </ul> <ul> <li aria-level=\"1\"> <b>İncelemenin Yapılacağı Yer: </b> Vergi incelemenin yapılacağı yerler arasında mükellefin iş yeri, vergi dairesi veya denetim birimlerindeki ofislerde gerçekleşebilir. </li> </ul> <ul> <li style=\"font-weight: 400;\" aria-level=\"1\"> <b>Defter ve Belgelerin Sunumu:</b> Mükellef vergi incelemesi sürecinde istenilen defter ve belgelerin sunumunu yapmakla yükümlüdür ki ibraz edilmemesi durumunda vergi kaçakçılığı gibi birçok ciddi yaptırımla karşı karşıya kalınabilir. </li> </ul> <ul> <li aria-level=\"1\"> <b>İnceleme Süresi: </b> İnceleme süreci özel durumların dışında mevzuata uygun bir şekilde ve makul sürede tamamlanması gerekmelidir. </li> </ul> <ul> <li aria-level=\"1\"> <b>Mükellefin Hakları: </b> Mükellefler vergi inceleme sırasında sürecin şeffaf ve adil yürütülmesini, savunma hakkı, düzenlenen vergi inceleme raporunu görme ve itiraz etme hakkına sahiptir. </li> </ul> <ul> <li aria-level=\"1\"> <b>İnceleme Raporu ve Sonuçların Bildirimi: </b> Vergi incelemesi tamamlandıktan sonra hazırlanan vergi inceleme raporu ile eksikler, hatalar ve yapılan tespitler yer almaktadır. </li> </ul> <ul> <li style=\"font-weight: 400;\" aria-level=\"1\"> <b>Vergi Kaçakçılığı veya Sahte Belge Kullanımı Tespiti: </b> Vergiden kaçınma yolları arasında suç unsuru taşıyan durumların tespiti adli makamlara bildirilmektedir. Sahte belge düzenleme, muhteviyatı itibariyle yanıltıcı belge düzenleme, bilerek sahte belge kullanma, defter ve belge ibraz etmeme, muhasebe hilesi vb. Vergi Usul Kanunun 359.maddesindeki durumlarda vergi cezasıyla beraber hapis cezası da bu süreçte gündeme gelebilir. </li> </ul>"}, {"type": "text", "title": "Vergi Yönetimi Neden Önemlidir?", "content": "<p>Vergi kanunu mevzuat ve yönetim süreci tüm vergi sürecinin zamanında ve yasalara uygun bir şekilde yapılmasını sağlayan yönetim sürecidir. Bu yüzden vergi yönetimi yasal güvenliğin sağlanması ve mali süreçlerin sürdürülmesine adına büyük önem taşımaktadır. Vergi yönetim süreci vergi danışmanı eşliğinde yasalara uygun bir şekilde yürütüldüğünde ceza riskini azaltarak yasal uyumu sağlamaktadır. Beraberinde vergisel avantajlardan yararlanmayı kolaylaştırarak kar marjlarının artmasına ve böylelikle rekabet avantajı yaratır. Oluşabilecek vergi incelemelerine karşı hazırlıklı olmayı sağlayan vergi yönetimi yatırım güvenini arttırarak uzun vadede başarıya katkı sağlamaktadır.</p>"}, {"type": "text", "title": "Vergi Yönetim Danışmanlığı Hangi Periyotlarda Gerçekleşmektedir?", "content": "<p>Vergi Yönetim Danışmanlığı işletmelerin ihtiyaçlarına ve danışmanlık hizmetinin kapsamına bağlı olarak aylık ya da üçer aylık periyotlarda gerçekleştirilmektedir. Bu periyotlarda işletmenin mali süreçleri detaylı bir şekilde analiz edilerek vergi mevzuatına uygunluk denetimleri yapılır, olası riskler tespit edilir ve gerekli önlemler alınır. Ayrıca, vergi avantajları ve teşviklerden yararlanma yolları belirlenerek işletmeye özel stratejiler geliştirilir.</p>"}, {"type": "text", "title": "Vergi Danışmanları Hangi Tür Vergiler Konusunda Uzmanlık Sunar?", "content": "<p>Vergi danışmanları mükelleflerin mevzuata uygun bir şekilde süreci yönetmesine, vergi avantajlarından kolay bir şekilde yararlanılmasına ve oluşabilecek vergi risklerini yönetme konusunda profesyonel destek sunmaktadır. Özellikle zorlu ve karmaşık olan bu süreçte doğru bir vergi danışmanı seçmek süreci kolaylaştırarak mali avantajları maksimum düzeyde değerlendirme imkânı sunar. Bunun yanı sıra vergi danışmanı ile yapılan vergi planlaması gelir vergisi, kurumlar vergisi, katma değer vergisi, stopaj vergisi, damga vergisi ve özel tüketim vergisi gibi tüm sektörel vergi incelemesi ve daha fazlasında süreci destekleyerek yönetmektedir.</p>"}, {"type": "text", "title": "Kimler Vergi Danışmanlığı Almalı?", "content": "<p>Vergi danışmanlığı almak için büyük işletmenizin olması gerekmez herhangi bir gelire sahipseniz yasal yükümlülükleri yerine getirmeniz gerekir. Bu yasal süreci en doğru ve eksiksiz bir şekilde yürütmek, gelir vergisinden kaçınma, vergi avantajlarından faydalanmak, cezai risklerden korunmak ve kurumlar vergisinden kaçınma yolları için profesyonel vergi danışmanlığı almak bir ihtiyaçtır. Bu bağlamda vergi danışmanlığı alması gereken kişiler şunlardır;</p> <ul> <li style=\"font-weight: 400;\" aria-level=\"1\"> Kendi işini yapan şirket sahipleri ve girişimciler birçok kalemde vergi yükümlülüğü bulunduğu için süreci doğru yürütmek ve KDV’den kaçınma yolları gibi birçok faydadan yararlanabilmek için vergi danışmanlığı almalıdırlar. </li> <li style=\"font-weight: 400;\" aria-level=\"1\"> E-Ticaret ve E-İhracat yapıyorsanız özellikle yurt dışı satışlar sürecinde vergi danışmanlığı desteği vergi mevzuatı ve uygulamaları konusunda kritik öneme sahiptir. </li> <li style=\"font-weight: 400;\" aria-level=\"1\"> Serbest meslek sahiplerinin de gelir gider yasal süreçlerini usulüne uygun yapmaları gerekir. BM vergi danışmanlığı özellikle serbest meslek sahiplerine özel çözümler sunarak bu alandaki riskleri en aza indirir. </li> <li style=\"font-weight: 400;\" aria-level=\"1\"> Uluslararası faaliyet gösteren şirketlerin dikkat etmesi gereken birçok süreci bulunur ve bu süreçlerin yanlış yönetilmesi hem yurt içinde hem de yurt dışında cezai sonuçlar doğurabileceği için vergi danışmanı ile yürütülmesi daha sağlıklı olacaktır. </li> <li style=\"font-weight: 400;\" aria-level=\"1\"> Gayrimenkul geliri elde ediyorsanız veya yatırımcı isenız alım satım işlemleriniz emlak vergisi mevzuatı kapsamında değerlendirileceği için vergi danışmanlığı almalıdırlar. </li> <li style=\"font-weight: 400;\" aria-level=\"1\"> Özellikle vergi incelemesi yaşayan ve risk taşıyan mükelleflerin vergi danışmanlığı ile uzman destek alarak vergi inceleme yönetmeliği ile yasal sürece uygun olmasını sağlar. </li> </ul>"}, {"type": "text", "title": "Vergi Danışmanı ile Çalışmanın Avantajları Nelerdir?", "content": "<p>İster büyük bir şirkete sahip olun ister bireysel mükellef olun güncel vergi mevzuatı sürecine uygun bir şekilde yönetmek oldukça önemlidir. Ayrıca bu süreci yönetmek hem sektörel farklılıklar hem de sürekli değişen vergi mevzuatına uygunluk konusunda ihtiyaç haline gelmiştir. Peki vergi danışmanı ile çalışmanın avantajları nelerdir? diye düşündünüz mü?</p> <ul> <li style=\"font-weight: 400;\" aria-level=\"1\"> <b>Güncel vergi mevzuatı sürecine uyum ve takip:</b> Sürekli değişen güncel vergi mevzuatı sürecine hâkim olmak, gelir vergisinden kaçınma, damga vergisi düzenlemeleri ve çok daha fazlasına hâkim olan vergi danışmanları ile çalışmak bu süreci takip etmek adına oldukça önemlidir. </li> <li style=\"font-weight: 400;\" aria-level=\"1\"> <b>Vergi yükünün azaltılması:</b> Vergi danışmanı ile çalışmanın avantajları arasında yer alan yasal vergi kaçınma, kurumlar vergisinden kaçınma yolları, KDV’den kaçınma yolları ve gelir vergisinden kaçınma olarak birçok vergi avantajlarından faydalanmasını sağlamaktadır. </li> <li style=\"font-weight: 400;\" aria-level=\"1\"> <b>Vergi incelemelerine karşı hazırlıklı olma:</b> Oluşabilecek vergi incelemesi vergi inceleme danışmanlığı ile daha şeffaf ve kontrollü ilerlemesini sağlayarak süreci en az zararla atlatılmasını sağlamaktadır. </li> <li style=\"font-weight: 400;\" aria-level=\"1\"> <b>Zamanında ve doğru beyanname verilmesi:</b> Vergi danışmanlığı ile beyanname süreçlerini eksiksiz ve zamanında tamamlayarak ceza riskini ortadan kaldırmış ve süreci düzenli takip ederek yönetmiş olursunuz. </li> <li style=\"font-weight: 400;\" aria-level=\"1\"> <b>Vergi teşvik ve indirimlerden faydalanma: </b> Devletin sunduğu teşvik ve vergi indirimlerinden yararlanabilmek için zamanında ve doğru uygulamalar ile başvuru yapmanız gerekir. Bu kapsam dahilinde Vergi danışmanlığı ile bu süreci sağlıklı bir şekilde yürüterek, vergi teşvik ve indirimlerinden yararlanabilirsiniz. </li> <li style=\"font-weight: 400;\" aria-level=\"1\"> <b>Uluslararası sürecin eksiksiz ve doğru yönetilmesi:</b> Yurt dışı gelir elde edenler çifte vergilendirme ve stopaj analizleri gibi karmaşık süreçleri bulunur ve bu konuların yürütülmesi uzmanlık ister. Alacağınız profesyonel destek ile bu süreci eksiksiz ve doğru yönetebilirsiniz. </li> <li style=\"font-weight: 400;\" aria-level=\"1\"> <b>Zaman ve iş gücü tasarrufu:</b> Veri mevzuatı süreci doğru yapılacak vergi planlaması ile hem zaman hem de iş gücü tasarrufu sağlayacaktır. </li> </ul> <strong>Kimler İçindir ?</strong> <p>Bu hizmetimiz işletmelerin vergi yükümlülüklerini etkin bir şekilde yönetmelerine ve vergi avantajlarından yararlanmalarına yardımcı olmayı amaçlar. Dolayısıyla, bu hizmet kapsamı özellikle KOBİ’ler için daha büyük ihtiyaç olarak görülmektedir. İşletmelerin mali sürdürülebilirliklerini artırmak ve vergi maliyetlerini minimize etmek isteyen tüm işletmeler bu hizmetten faydalanabilir.</p> <strong>Neden Sistem Global’den Almalısınız?</strong> <p>Bu hizmetimiz, işletmelerin vergi yükümlülüklerini etkin bir şekilde yönetmelerine, mevzuata uyum sağlamalarına ve vergi maliyetlerini minimize etmelerine yardımcı olur. Aynı zamanda mali sürdürülebilirliği ve rekabet gücünü artırır. Sistem Global olarak, bu hizmet kapsamımızdaki geniş bilgi birikimimizi (know-how) siz değerli müşterilerimize fayda sağlamak amacıyla sunmaktayız.</p>"}, {"type": "text", "title": "Vergi Yönetim Danışmanlığı Hakkında Merak Edilenler", "content": "GIB (Gelir İdaresi Başkanlığı) vergi mevzuatı güncellemeleri nereden takip edilir? GİB vergi mevzuatı resmî web sitesinden takip ederek anlık değişen mevzuatları da düzenli olarak takip edebilirsiniz. Emlak vergisi mevzuatında en sık karşılaşılan hatalar nelerdir? Emlak vergisi mevzuatı sürecinde en sık yapılan hatalar miras yoluyla geçen taşınmazların geç bildirim yapılması ve istisnalardan faydalanılmamasıdır. Güncel vergi mevzuatı değişiklikleri işletmeleri nasıl etkiler? Güncel vergi mevzuatı işletmelerin maliyet yapısından beyan sürelerine, vergi yükünden vergi planlaması sürecine birçok konuda etkilemektedir. Bu yüzden vergi danışmanlığı ile bu süreci takip edebilir gerekli düzenlemeler sağlanır. Sektörel vergi incelemeleri hangi kriterlere göre yapılır? Sektörel vergi incelemesi, alış satış dengesizlikleri, risk analizleri ve sektörlere özel uygulama hatalarına göre yapılmaktadır. Vergi inceleme danışmanlığı hangi konularda destek sağlar? Vergi inceleme danışmanlığı ile vergi mevzuatı sürecinde vergi inceleme sorgulama, gerekli belgelerin hazırlanması ve düzenlenmesi ve savunmaların hazırlanması vergi inceleme yönetmeliği doğrultusunda uzman destek sağlamaktadır. Vergi danışmanlığı ile mali müşavirlik arasındaki fark nedir? Vergi danışmanlığı daha stratejik çalışarak vergi planlaması, mevzuat uyumu ve risk analizi süreçlerinde danışmanlık sağlamaktadır. Mali müşavirlik ise beyan işlemlerini ve günlük kayıt işlemlerini yürütmektedir. Vergi danışmanlığı ile vergi oranları düşürülür mü? Vergi danışmanlığı kapsamında yapılan gelir vergisinden kaçınma, KDV’den kaçınma yolları ve kurumlar vergisinden kaçınma yolları ile gider indirimleri ve teşvik uygulamaları ile yasal olarak oranlar azaltılabilir. Vergi incelemesine giren bir şirket danışmanlık alabilir mi? Vergi incelemesi sürecine giren her şirket vergi inceleme danışmanlığı hizmetinden yararlanarak süreci daha sağlıklı yürütülmesini ve haklarının korunmasını sağlayabilir. Yurt dışı gelirler için vergi danışmanlığı hizmeti alabilir miyim? Doğru beyan ve planlama yapabilmek için yurt dışı gelirler için vergi danışmanlığı hizmeti alabilirsiniz. Vergi danışmanlık ücretleri neye göre belirlenir? Vergi danışmanlık ücretlerine alacağınız hizmetin kapsamı, sektörel olarak sizi bekleyen riskler ve şirketin faaliyet hacmi göz önünde bulundurulur. Asgari olarak da her yıl resmi gazetede ilan edilen tutarın altında olamaz. Vergi danışmanlığı almak zorunlu mudur? Vergi danışmanlığı almanın yasal olarak herhangi bir zorunluluğu yoktur fakat zor ve karmaşık olan bu süreci sağlıklı yürütebilmek için uzman destek almanız önerilir. Vergi danışmanlığı ne kadar sürede sonuç verir? Vergi danışmanı sonuç alma süreci alacağınız hizmete, vergi planlamasına ve vergi inceleme danışmanlığı süresi denetim kapsamına göre değişiklik göstermektedir. Vergi teşviklerinden nasıl haberdar olabilirim? En doğru ve güncel bilgiler için GİB ve Ticaret Bakanlığı resmi sitelerinden bilgi alabilir ve tüm vergi teşviklerini yine bu sitelerden takip edebilirsiniz."}]}}